Wavelength (nm),Sum,Pb I (1.4e-01),Pb II (8.6e-01)
200.97,6.555e-9,6.555e-9,
201.02,1.249e-7,1.249e-7,
201.07,2.106e-6,2.106e-6,
201.12,3.142e-5,3.142e-5,
201.17,4.148e-4,4.148e-4,
201.22,4.845e-3,4.845e-3,
201.27,5.009e-2,5.009e-2,
201.32,4.582e-1,4.582e-1,
201.37,3.709e+0,3.709e+0,
201.42,2.657e+1,2.657e+1,
201.47,1.684e+2,1.684e+2,
201.52,9.445e+2,9.445e+2,
201.57,4.688e+3,4.688e+3,
201.62,2.059e+4,2.059e+4,
201.67,8.000e+4,8.000e+4,
201.72,2.751e+5,2.751e+5,
201.77,8.372e+5,8.372e+5,
201.82,2.254e+6,2.254e+6,
201.87,5.372e+6,5.372e+6,
201.92,1.133e+7,1.133e+7,
201.97,2.113e+7,2.113e+7,
202.02,3.489e+7,3.489e+7,
202.07,5.098e+7,5.098e+7,
202.12,6.590e+7,6.590e+7,
202.17,7.539e+7,7.539e+7,
202.22,7.632e+7,7.632e+7,
202.27,6.837e+7,6.837e+7,
202.32,5.419e+7,5.419e+7,
202.37,3.801e+7,3.801e+7,
202.42,2.359e+7,2.359e+7,
202.47,1.296e+7,1.296e+7,
202.52,6.298e+6,6.298e+6,
202.57,2.708e+6,2.708e+6,
202.62,1.031e+6,1.031e+6,
202.67,3.471e+5,3.471e+5,
202.72,1.034e+5,1.034e+5,
202.77,2.727e+4,2.727e+4,
202.82,6.364e+3,6.364e+3,
202.87,1.314e+3,1.314e+3,
202.92,2.401e+2,2.401e+2,
202.97,3.881e+1,3.881e+1,
203.02,5.553e+0,5.553e+0,
203.07,7.030e-1,7.030e-1,
203.12,7.875e-2,7.875e-2,
203.17,7.807e-3,7.807e-3,
203.22,6.848e-4,6.848e-4,
203.27,5.315e-5,5.315e-5,
203.32,3.651e-6,3.651e-6,
203.37,2.219e-7,2.219e-7,
203.42,1.193e-8,1.193e-8,
204.07,6.372e-9,6.372e-9,
204.12,1.193e-7,1.193e-7,
204.17,1.982e-6,1.982e-6,
204.22,2.926e-5,2.926e-5,
204.27,3.837e-4,3.837e-4,
204.32,4.469e-3,4.469e-3,
204.37,4.622e-2,4.622e-2,
204.42,4.246e-1,4.246e-1,
204.47,3.465e+0,3.465e+0,
204.52,2.511e+1,2.511e+1,
204.57,1.616e+2,1.616e+2,
204.62,9.239e+2,9.239e+2,
204.67,4.691e+3,4.691e+3,
204.72,2.115e+4,2.115e+4,
204.77,8.472e+4,8.472e+4,
204.82,3.014e+5,3.014e+5,
204.87,9.522e+5,9.522e+5,
204.92,2.672e+6,2.672e+6,
204.97,6.659e+6,6.659e+6,
205.02,1.474e+7,1.474e+7,
205.07,2.898e+7,2.898e+7,
205.12,5.060e+7,5.060e+7,
205.17,7.847e+7,7.847e+7,
205.22,1.081e+8,1.081e+8,
205.27,1.322e+8,1.322e+8,
205.32,1.437e+8,1.437e+8,
205.37,1.387e+8,1.387e+8,
205.42,1.189e+8,1.189e+8,
205.47,9.048e+7,9.048e+7,
205.52,6.117e+7,6.117e+7,
205.57,3.674e+7,3.674e+7,
205.62,1.959e+7,1.959e+7,
205.67,9.282e+6,9.282e+6,
205.72,3.905e+6,3.905e+6,
205.77,1.459e+6,1.459e+6,
205.82,4.843e+5,4.843e+5,
205.87,1.428e+5,1.428e+5,
205.92,3.738e+4,3.738e+4,
205.97,8.691e+3,8.691e+3,
206.02,1.795e+3,1.795e+3,
206.07,3.292e+2,3.292e+2,
206.12,5.364e+1,5.364e+1,
206.17,7.761e+0,7.761e+0,
206.22,9.974e-1,9.974e-1,
206.27,1.138e-1,1.138e-1,
206.32,1.154e-2,1.154e-2,
206.37,1.039e-3,1.039e-3,
206.42,8.310e-5,8.310e-5,
206.47,5.902e-6,5.902e-6,
206.52,3.723e-7,3.723e-7,
206.57,2.086e-8,2.086e-8,
215.67,1.315e-7,1.315e-7,
215.72,2.101e-6,2.101e-6,
215.77,3.019e-5,3.019e-5,
215.82,3.902e-4,3.902e-4,
215.87,4.534e-3,4.534e-3,
215.92,4.738e-2,4.738e-2,
215.97,4.452e-1,4.452e-1,
216.02,3.763e+0,3.763e+0,
216.07,2.859e+1,2.859e+1,
216.12,1.954e+2,1.954e+2,
216.17,1.201e+3,1.201e+3,
216.22,6.636e+3,6.636e+3,
216.27,3.298e+4,3.298e+4,
216.32,1.474e+5,1.474e+5,
216.37,5.923e+5,5.923e+5,
216.42,2.141e+6,2.141e+6,
216.47,6.957e+6,6.957e+6,
216.52,2.033e+7,2.033e+7,
216.57,5.343e+7,5.343e+7,
216.62,1.263e+8,1.263e+8,
216.67,2.684e+8,2.684e+8,
216.72,5.129e+8,5.129e+8,
216.77,8.815e+8,8.815e+8,
216.82,1.362e+9,1.362e+9,
216.87,1.893e+9,1.893e+9,
216.92,2.366e+9,2.366e+9,
216.97,2.659e+9,2.659e+9,
217.02,2.688e+9,2.688e+9,
217.07,2.443e+9,2.443e+9,
217.12,1.997e+9,1.997e+9,
217.17,1.467e+9,1.467e+9,
217.22,9.698e+8,9.698e+8,
217.27,5.764e+8,5.764e+8,
217.32,3.081e+8,3.081e+8,
217.37,1.481e+8,1.481e+8,
217.42,6.400e+7,6.400e+7,
217.47,2.488e+7,2.488e+7,
217.52,8.694e+6,8.694e+6,
217.57,2.733e+6,2.733e+6,
217.62,7.724e+5,7.724e+5,
217.67,1.963e+5,1.963e+5,
217.72,4.487e+4,4.487e+4,
217.77,9.223e+3,9.223e+3,
217.82,1.705e+3,1.705e+3,
217.87,2.834e+2,2.834e+2,
217.92,4.235e+1,4.235e+1,
217.97,5.693e+0,5.693e+0,
218.02,6.881e-1,6.881e-1,
218.07,7.480e-2,7.480e-2,
218.12,7.311e-3,7.311e-3,
218.17,6.426e-4,6.426e-4,
218.22,5.080e-5,5.080e-5,
218.27,3.611e-6,3.611e-6,
218.32,2.308e-7,2.308e-7,
219.02,1.118e-6,,1.118e-6
219.07,1.643e-5,,1.643e-5
219.12,2.179e-4,,2.179e-4
219.17,2.606e-3,,2.606e-3
219.22,2.812e-2,,2.812e-2
219.27,2.738e-1,,2.738e-1
219.32,2.404e+0,,2.404e+0
219.37,1.905e+1,,1.905e+1
219.42,1.362e+2,,1.362e+2
219.47,8.781e+2,,8.781e+2
219.52,5.108e+3,,5.108e+3
219.57,2.681e+4,,2.681e+4
219.62,1.269e+5,,1.269e+5
219.67,5.422e+5,,5.422e+5
219.72,2.089e+6,,2.089e+6
219.77,7.263e+6,,7.263e+6
219.82,2.278e+7,,2.278e+7
219.87,6.445e+7,,6.445e+7
219.92,1.645e+8,,1.645e+8
219.97,3.788e+8,,3.788e+8
220.02,7.869e+8,,7.869e+8
220.07,1.475e+9,,1.475e+9
220.12,2.494e+9,,2.494e+9
220.17,3.803e+9,,3.803e+9
220.22,5.234e+9,,5.234e+9
220.27,6.497e+9,,6.497e+9
220.32,7.276e+9,,7.276e+9
220.37,7.352e+9,,7.352e+9
220.42,6.701e+9,,6.701e+9
220.47,5.510e+9,,5.510e+9
220.52,4.088e+9,,4.088e+9
220.57,2.736e+9,,2.736e+9
220.62,1.652e+9,,1.652e+9
220.67,8.996e+8,,8.996e+8
220.72,4.421e+8,,4.421e+8
220.77,1.960e+8,,1.960e+8
220.82,7.837e+7,,7.837e+7
220.87,2.828e+7,,2.828e+7
220.92,9.204e+6,,9.204e+6
220.97,2.703e+6,,2.703e+6
221.02,7.159e+5,,7.159e+5
221.07,1.711e+5,,1.711e+5
221.12,3.689e+4,,3.689e+4
221.17,7.175e+3,,7.175e+3
221.22,1.259e+3,,1.259e+3
221.27,1.993e+2,,1.993e+2
221.32,2.846e+1,,2.846e+1
221.37,3.667e+0,,3.667e+0
221.42,4.263e-1,,4.263e-1
221.47,4.470e-2,,4.470e-2
221.52,4.228e-3,,4.228e-3
221.57,3.608e-4,,3.608e-4
221.62,2.778e-5,,2.778e-5
221.67,1.930e-6,,1.930e-6
238.73,1.999e-8,1.999e-8,
238.78,2.404e-7,2.404e-7,
238.83,2.652e-6,2.652e-6,
238.88,2.682e-5,2.682e-5,
238.93,2.488e-4,2.488e-4,
238.98,2.116e-3,2.116e-3,
239.03,1.650e-2,1.650e-2,
239.08,1.180e-1,1.180e-1,
239.13,7.738e-1,7.738e-1,
239.18,4.653e+0,4.653e+0,
239.23,2.566e+1,2.566e+1,
239.28,1.297e+2,1.297e+2,
239.33,6.015e+2,6.015e+2,
239.38,2.557e+3,2.557e+3,
239.43,9.971e+3,9.971e+3,
239.48,3.565e+4,3.565e+4,
239.53,1.169e+5,1.169e+5,
239.58,3.513e+5,3.513e+5,
239.63,9.683e+5,9.683e+5,
239.68,2.448e+6,2.448e+6,
239.73,5.674e+6,5.674e+6,
239.78,1.206e+7,1.206e+7,
239.83,2.350e+7,2.350e+7,
239.88,4.200e+7,4.200e+7,
239.93,6.884e+7,6.884e+7,
239.98,1.035e+8,1.035e+8,
240.03,1.426e+8,1.426e+8,
240.08,1.801e+8,1.801e+8,
240.13,2.087e+8,2.087e+8,
240.18,2.218e+8,2.218e+8,
240.23,2.161e+8,2.161e+8,
240.28,1.931e+8,1.931e+8,
240.33,1.582e+8,1.582e+8,
240.38,1.188e+8,1.188e+8,
240.43,8.187e+7,8.187e+7,
240.48,5.172e+7,5.172e+7,
240.53,2.996e+7,2.996e+7,
240.58,1.591e+7,1.591e+7,
240.63,7.751e+6,7.751e+6,
240.68,3.462e+6,3.462e+6,
240.73,1.418e+6,1.418e+6,
240.78,5.325e+5,5.325e+5,
240.83,1.834e+5,1.834e+5,
240.88,5.791e+4,5.791e+4,
240.93,1.677e+4,1.677e+4,
240.98,4.453e+3,4.453e+3,
241.03,1.084e+3,1.084e+3,
241.08,2.421e+2,2.421e+2,
241.13,4.958e+1,4.958e+1,
241.18,9.308e+0,9.308e+0,
241.23,1.602e+0,1.602e+0,
241.28,2.530e-1,2.530e-1,
241.33,3.662e-2,3.662e-2,
241.38,4.862e-3,4.862e-3,
241.43,5.918e-4,5.918e-4,
241.48,6.606e-5,6.606e-5,
241.53,6.761e-6,6.761e-6,
241.58,6.346e-7,6.346e-7,
241.63,5.462e-8,5.462e-8,
243.13,1.426e-8,1.426e-8,
243.18,1.650e-7,1.650e-7,
243.23,1.756e-6,1.756e-6,
243.28,1.718e-5,1.718e-5,
243.33,1.547e-4,1.547e-4,
243.38,1.281e-3,1.281e-3,
243.43,9.760e-3,9.760e-3,
243.48,6.839e-2,6.839e-2,
243.53,4.408e-1,4.408e-1,
243.58,2.613e+0,2.613e+0,
243.63,1.425e+1,1.425e+1,
243.68,7.149e+1,7.149e+1,
243.73,3.299e+2,3.299e+2,
243.78,1.400e+3,1.400e+3,
243.83,5.466e+3,5.466e+3,
243.88,1.963e+4,1.963e+4,
243.93,6.484e+4,6.484e+4,
243.98,1.970e+5,1.970e+5,
244.03,5.506e+5,5.506e+5,
244.08,1.415e+6,1.415e+6,
244.13,3.347e+6,3.347e+6,
244.18,7.281e+6,7.281e+6,
244.23,1.457e+7,1.457e+7,
244.28,2.681e+7,2.681e+7,
244.33,4.538e+7,4.538e+7,
244.38,7.067e+7,7.067e+7,
244.43,1.012e+8,1.012e+8,
244.48,1.334e+8,1.334e+8,
244.53,1.616e+8,1.616e+8,
244.58,1.802e+8,1.802e+8,
244.63,1.847e+8,1.847e+8,
244.68,1.742e+8,1.742e+8,
244.73,1.512e+8,1.512e+8,
244.78,1.206e+8,1.206e+8,
244.83,8.855e+7,8.855e+7,
244.88,5.979e+7,5.979e+7,
244.93,3.714e+7,3.714e+7,
244.98,2.122e+7,2.122e+7,
245.03,1.115e+7,1.115e+7,
245.08,5.389e+6,5.389e+6,
245.13,2.396e+6,2.396e+6,
245.18,9.800e+5,9.800e+5,
245.23,3.687e+5,3.687e+5,
245.28,1.276e+5,1.276e+5,
245.33,4.061e+4,4.061e+4,
245.38,1.189e+4,1.189e+4,
245.43,3.202e+3,3.202e+3,
245.48,7.932e+2,7.932e+2,
245.53,1.807e+2,1.807e+2,
245.58,3.788e+1,3.788e+1,
245.63,7.304e+0,7.304e+0,
245.68,1.295e+0,1.295e+0,
245.73,2.113e-1,2.113e-1,
245.78,3.171e-2,3.171e-2,
245.83,4.376e-3,4.376e-3,
245.88,5.556e-4,5.556e-4,
245.93,6.488e-5,6.488e-5,
245.98,6.969e-6,6.969e-6,
246.03,6.886e-7,6.886e-7,
246.08,6.259e-8,6.259e-8,
246.13,3.219e-8,3.219e-8,
246.18,3.625e-7,3.625e-7,
246.23,3.763e-6,3.763e-6,
246.28,3.601e-5,3.601e-5,
246.33,3.176e-4,3.176e-4,
246.38,2.582e-3,2.582e-3,
246.43,1.934e-2,1.934e-2,
246.48,1.336e-1,1.336e-1,
246.53,8.502e-1,8.502e-1,
246.58,4.988e+0,4.988e+0,
246.63,2.697e+1,2.697e+1,
246.68,1.344e+2,1.344e+2,
246.73,6.175e+2,6.175e+2,
246.78,2.614e+3,2.614e+3,
246.83,1.020e+4,1.020e+4,
246.88,3.670e+4,3.670e+4,
246.93,1.217e+5,1.217e+5,
246.98,3.718e+5,3.718e+5,
247.03,1.047e+6,1.047e+6,
247.08,2.718e+6,2.718e+6,
247.13,6.503e+6,6.503e+6,
247.18,1.434e+7,1.434e+7,
247.23,2.915e+7,2.915e+7,
247.28,5.462e+7,5.462e+7,
247.33,9.431e+7,9.431e+7,
247.38,1.501e+8,1.501e+8,
247.43,2.202e+8,2.202e+8,
247.48,2.977e+8,2.977e+8,
247.53,3.711e+8,3.711e+8,
247.58,4.262e+8,4.262e+8,
247.63,4.513e+8,4.513e+8,
247.68,4.404e+8,4.404e+8,
247.73,3.961e+8,3.961e+8,
247.78,3.283e+8,3.283e+8,
247.83,2.509e+8,2.509e+8,
247.88,1.767e+8,1.767e+8,
247.93,1.147e+8,1.147e+8,
247.98,6.862e+7,6.862e+7,
248.03,3.784e+7,3.784e+7,
248.08,1.923e+7,1.923e+7,
248.13,9.011e+6,9.011e+6,
248.18,3.891e+6,3.891e+6,
248.23,1.549e+6,1.549e+6,
248.28,5.680e+5,5.680e+5,
248.33,1.921e+5,1.921e+5,
248.38,5.985e+4,5.985e+4,
248.43,1.719e+4,1.719e+4,
248.48,4.551e+3,4.551e+3,
248.53,1.111e+3,1.111e+3,
248.58,2.498e+2,2.498e+2,
248.63,5.178e+1,5.178e+1,
248.68,9.893e+0,9.893e+0,
248.73,1.742e+0,1.742e+0,
248.78,2.828e-1,2.828e-1,
248.83,4.231e-2,4.231e-2,
248.88,5.834e-3,5.834e-3,
248.93,7.415e-4,7.415e-4,
248.98,8.687e-5,8.687e-5,
249.03,9.379e-6,9.379e-6,
249.08,9.334e-7,9.334e-7,
249.13,8.562e-8,8.562e-8,
256.18,8.026e-8,8.026e-8,
256.23,7.972e-7,7.972e-7,
256.28,7.345e-6,7.345e-6,
256.33,6.276e-5,6.276e-5,
256.38,4.974e-4,4.974e-4,
256.43,3.657e-3,3.657e-3,
256.48,2.493e-2,2.493e-2,
256.53,1.576e-1,1.576e-1,
256.58,9.245e-1,9.245e-1,
256.63,5.029e+0,5.029e+0,
256.68,2.537e+1,2.537e+1,
256.73,1.187e+2,1.187e+2,
256.78,5.152e+2,5.152e+2,
256.83,2.074e+3,2.074e+3,
256.88,7.743e+3,7.743e+3,
256.93,2.681e+4,2.681e+4,
256.98,8.611e+4,8.611e+4,
257.03,2.565e+5,2.565e+5,
257.08,7.086e+5,7.086e+5,
257.13,1.816e+6,1.816e+6,
257.18,4.315e+6,4.315e+6,
257.23,9.512e+6,9.512e+6,
257.28,1.945e+7,1.945e+7,
257.33,3.688e+7,3.688e+7,
257.38,6.485e+7,6.485e+7,
257.43,1.058e+8,1.058e+8,
257.48,1.600e+8,1.600e+8,
257.53,2.246e+8,2.246e+8,
257.58,2.923e+8,2.923e+8,
257.63,3.528e+8,3.528e+8,
257.68,3.949e+8,3.949e+8,
257.73,4.101e+8,4.101e+8,
257.78,3.949e+8,3.949e+8,
257.83,3.528e+8,3.528e+8,
257.88,2.923e+8,2.923e+8,
257.93,2.246e+8,2.246e+8,
257.98,1.600e+8,1.600e+8,
258.03,1.058e+8,1.058e+8,
258.08,6.485e+7,6.485e+7,
258.13,3.688e+7,3.688e+7,
258.18,1.945e+7,1.945e+7,
258.23,9.512e+6,9.512e+6,
258.28,4.315e+6,4.315e+6,
258.33,1.816e+6,1.816e+6,
258.38,7.086e+5,7.086e+5,
258.43,2.565e+5,2.565e+5,
258.48,8.611e+4,8.611e+4,
258.53,2.681e+4,2.681e+4,
258.58,7.743e+3,7.743e+3,
258.63,2.074e+3,2.074e+3,
258.68,5.152e+2,5.152e+2,
258.73,1.187e+2,1.187e+2,
258.78,2.537e+1,2.537e+1,
258.83,5.029e+0,5.029e+0,
258.88,9.245e-1,9.245e-1,
258.93,1.576e-1,1.576e-1,
258.98,2.493e-2,2.493e-2,
259.03,3.657e-3,3.657e-3,
259.08,4.974e-4,4.974e-4,
259.13,6.276e-5,6.276e-5,
259.18,7.345e-6,7.345e-6,
259.23,7.972e-7,7.972e-7,
259.28,8.026e-8,8.026e-8,
259.78,2.367e-8,2.367e-8,
259.83,5.945e-7,5.945e-7,
259.88,5.710e-6,5.710e-6,
259.93,5.103e-5,5.103e-5,
259.98,4.244e-4,4.244e-4,
260.03,3.285e-3,3.285e-3,
260.08,2.366e-2,2.366e-2,
260.13,1.585e-1,1.585e-1,
260.18,9.883e-1,9.883e-1,
260.23,5.733e+0,5.733e+0,
260.28,3.094e+1,3.094e+1,
260.33,1.554e+2,1.554e+2,
260.38,7.259e+2,7.259e+2,
260.43,3.155e+3,3.155e+3,
260.48,1.276e+4,1.276e+4,
260.53,4.797e+4,4.797e+4,
260.58,1.678e+5,1.678e+5,
260.63,5.461e+5,5.461e+5,
260.68,1.653e+6,1.653e+6,
260.73,4.653e+6,4.653e+6,
260.78,1.218e+7,1.218e+7,
260.83,2.967e+7,2.967e+7,
260.88,6.719e+7,6.719e+7,
260.93,1.415e+8,1.415e+8,
260.98,2.772e+8,2.772e+8,
261.03,5.048e+8,5.048e+8,
261.08,8.550e+8,8.550e+8,
261.13,1.347e+9,1.347e+9,
261.18,1.972e+9,1.972e+9,
261.23,2.685e+9,2.685e+9,
261.28,3.399e+9,3.399e+9,
261.33,4.002e+9,4.002e+9,
261.38,4.380e+9,4.380e+9,
261.43,4.457e+9,4.457e+9,
261.48,4.217e+9,4.217e+9,
261.53,3.709e+9,3.709e+9,
261.58,3.033e+9,3.033e+9,
261.63,2.306e+9,2.306e+9,
261.68,1.630e+9,1.630e+9,
261.73,1.071e+9,1.071e+9,
261.78,6.540e+8,6.540e+8,
261.83,3.713e+8,3.713e+8,
261.88,1.960e+8,1.960e+8,
261.93,9.618e+7,9.618e+7,
261.98,4.387e+7,4.387e+7,
262.03,1.861e+7,1.861e+7,
262.08,7.343e+6,7.343e+6,
262.13,2.716e+6,2.716e+6,
262.18,9.930e+5,9.930e+5,
262.23,4.824e+5,4.824e+5,
262.28,5.282e+5,5.282e+5,
262.33,9.705e+5,9.705e+5,
262.38,1.890e+6,1.890e+6,
262.44,3.909e+6,3.909e+6,
262.49,6.629e+6,6.629e+6,
262.54,1.046e+7,1.046e+7,
262.59,1.535e+7,1.535e+7,
262.64,2.095e+7,2.095e+7,
262.69,2.661e+7,2.661e+7,
262.74,3.142e+7,3.142e+7,
262.79,3.453e+7,3.453e+7,
262.84,3.528e+7,3.528e+7,
262.89,3.354e+7,3.354e+7,
262.94,2.966e+7,2.966e+7,
262.99,2.439e+7,2.439e+7,
263.04,1.866e+7,1.866e+7,
263.09,1.328e+7,1.328e+7,
263.14,8.790e+6,8.790e+6,
263.19,5.412e+6,5.412e+6,
263.24,3.100e+6,3.100e+6,
263.29,1.651e+6,1.651e+6,
263.34,8.183e+5,8.183e+5,
263.39,3.772e+5,3.772e+5,
263.44,1.617e+5,1.617e+5,
263.49,6.450e+4,6.450e+4,
263.54,2.393e+4,2.393e+4,
263.59,8.256e+3,8.256e+3,
263.64,2.650e+3,2.650e+3,
263.69,7.912e+2,7.912e+2,
263.74,2.197e+2,2.197e+2,
263.79,5.676e+1,5.676e+1,
263.84,1.364e+1,1.364e+1,
263.89,3.048e+0,3.048e+0,
263.94,6.338e-1,6.338e-1,
263.99,1.226e-1,1.226e-1,
264.04,2.205e-2,2.205e-2,
264.09,3.689e-3,3.689e-3,
264.14,5.741e-4,5.741e-4,
264.19,8.311e-5,8.311e-5,
264.24,1.119e-5,1.119e-5,
264.29,1.402e-6,1.402e-6,
264.34,1.633e-7,1.633e-7,
264.39,1.770e-8,1.770e-8,
264.69,5.418e-8,5.418e-8,
264.74,5.208e-7,5.208e-7,
264.79,4.665e-6,4.665e-6,
264.84,3.894e-5,3.894e-5,
264.89,3.029e-4,3.029e-4,
264.94,2.196e-3,2.196e-3,
264.99,1.484e-2,1.484e-2,
265.04,9.344e-2,9.344e-2,
265.09,5.483e-1,5.483e-1,
265.14,2.998e+0,2.998e+0,
265.19,1.528e+1,1.528e+1,
265.24,7.257e+1,7.257e+1,
265.29,3.212e+2,3.212e+2,
265.34,1.325e+3,1.325e+3,
265.39,5.093e+3,5.093e+3,
265.44,1.824e+4,1.824e+4,
265.49,6.091e+4,6.091e+4,
265.54,1.895e+5,1.895e+5,
265.59,5.494e+5,5.494e+5,
265.64,1.485e+6,1.485e+6,
265.69,3.739e+6,3.739e+6,
265.74,8.773e+6,8.773e+6,
265.79,1.919e+7,1.919e+7,
265.84,3.911e+7,3.911e+7,
265.89,7.428e+7,7.428e+7,
265.94,1.315e+8,1.315e+8,
265.99,2.169e+8,2.169e+8,
266.04,3.334e+8,3.334e+8,
266.09,4.777e+8,4.777e+8,
266.14,6.378e+8,6.378e+8,
266.19,7.936e+8,7.936e+8,
266.24,9.202e+8,9.202e+8,
266.29,9.944e+8,9.944e+8,
266.34,1.001e+9,1.001e+9,
266.39,9.399e+8,9.399e+8,
266.44,8.221e+8,8.221e+8,
266.49,6.701e+8,6.701e+8,
266.54,5.090e+8,5.090e+8,
266.59,3.603e+8,3.603e+8,
266.64,2.377e+8,2.377e+8,
266.69,1.461e+8,1.461e+8,
266.74,8.374e+7,8.374e+7,
266.79,4.471e+7,4.471e+7,
266.84,2.225e+7,2.225e+7,
266.89,1.032e+7,1.032e+7,
266.94,4.459e+6,4.459e+6,
266.99,1.796e+6,1.796e+6,
267.04,6.741e+5,6.741e+5,
267.09,2.358e+5,2.358e+5,
267.14,7.686e+4,7.686e+4,
267.19,2.335e+4,2.335e+4,
267.24,6.611e+3,6.611e+3,
267.29,1.744e+3,1.744e+3,
267.34,4.288e+2,4.288e+2,
267.39,9.827e+1,9.827e+1,
267.44,2.098e+1,2.098e+1,
267.49,4.176e+0,4.176e+0,
267.54,7.745e-1,7.745e-1,
267.59,1.339e-1,1.339e-1,
267.64,2.156e-2,2.156e-2,
267.69,3.237e-3,3.237e-3,
267.74,4.528e-4,4.528e-4,
267.79,5.903e-5,5.903e-5,
267.84,7.171e-6,7.171e-6,
267.89,8.120e-7,8.120e-7,
267.94,8.568e-8,8.568e-8,
278.49,2.675e-7,2.675e-7,
278.54,2.288e-6,2.288e-6,
278.59,1.836e-5,1.836e-5,
278.64,1.382e-4,1.382e-4,
278.69,9.766e-4,9.766e-4,
278.74,6.474e-3,6.474e-3,
278.79,4.027e-2,4.027e-2,
278.84,2.350e-1,2.350e-1,
278.89,1.287e+0,1.287e+0,
278.94,6.612e+0,6.612e+0,
278.99,3.188e+1,3.188e+1,
279.04,1.442e+2,1.442e+2,
279.09,6.121e+2,6.121e+2,
279.14,2.438e+3,2.438e+3,
279.19,9.110e+3,9.110e+3,
279.24,3.194e+4,3.194e+4,
279.29,1.051e+5,1.051e+5,
279.34,3.244e+5,3.244e+5,
279.39,9.397e+5,9.397e+5,
279.44,2.554e+6,2.554e+6,
279.49,6.513e+6,6.513e+6,
279.54,1.559e+7,1.559e+7,
279.59,3.499e+7,3.499e+7,
279.64,7.372e+7,7.372e+7,
279.69,1.457e+8,1.457e+8,
279.74,2.703e+8,2.703e+8,
279.79,4.703e+8,4.703e+8,
279.84,7.680e+8,7.680e+8,
279.89,1.177e+9,1.177e+9,
279.94,1.692e+9,1.692e+9,
279.99,2.282e+9,2.282e+9,
280.04,2.888e+9,2.888e+9,
280.09,3.430e+9,3.430e+9,
280.14,3.823e+9,3.823e+9,
280.19,3.997e+9,3.997e+9,
280.24,3.921e+9,3.921e+9,
280.29,3.610e+9,3.610e+9,
280.34,3.118e+9,3.118e+9,
280.39,2.527e+9,2.527e+9,
280.44,1.922e+9,1.922e+9,
280.49,1.371e+9,1.371e+9,
280.54,9.180e+8,9.180e+8,
280.59,5.767e+8,5.767e+8,
280.64,3.399e+8,3.399e+8,
280.69,1.880e+8,1.880e+8,
280.74,9.756e+7,9.756e+7,
280.79,4.750e+7,4.750e+7,
280.84,2.170e+7,2.170e+7,
280.89,9.304e+6,9.304e+6,
280.94,3.743e+6,3.743e+6,
280.99,1.413e+6,1.413e+6,
281.04,5.002e+5,5.002e+5,
281.09,1.662e+5,1.662e+5,
281.14,5.184e+4,5.184e+4,
281.19,1.522e+4,1.522e+4,
281.24,4.379e+3,4.379e+3,
281.29,1.885e+3,1.885e+3,
281.34,3.129e+3,3.129e+3,
281.39,9.569e+3,9.569e+3,
281.44,2.961e+4,2.961e+4,
281.49,8.654e+4,8.654e+4,
281.54,2.376e+5,2.376e+5,
281.59,6.127e+5,6.127e+5,
281.64,1.484e+6,1.484e+6,
281.69,3.375e+6,3.375e+6,
281.74,7.210e+6,7.210e+6,
281.79,1.447e+7,1.447e+7,
281.84,2.726e+7,2.726e+7,
281.89,4.824e+7,4.824e+7,
281.94,8.018e+7,8.018e+7,
281.99,1.252e+8,1.252e+8,
282.04,1.835e+8,1.835e+8,
282.09,2.527e+8,2.527e+8,
282.14,3.269e+8,3.269e+8,
282.19,3.970e+8,3.970e+8,
282.24,4.529e+8,4.529e+8,
282.29,4.853e+8,4.853e+8,
282.34,4.884e+8,4.884e+8,
282.39,4.616e+8,4.616e+8,
282.44,4.099e+8,4.099e+8,
282.49,3.421e+8,3.421e+8,
282.54,2.690e+8,2.690e+8,
282.59,2.006e+8,2.006e+8,
282.64,1.452e+8,1.452e+8,
282.69,1.090e+8,1.090e+8,
282.74,9.746e+7,9.746e+7,
282.79,1.171e+8,1.171e+8,
282.84,1.765e+8,1.765e+8,
282.89,2.869e+8,2.869e+8,
282.94,4.596e+8,4.596e+8,
282.99,7.021e+8,7.021e+8,
283.04,1.012e+9,1.012e+9,
283.09,1.373e+9,1.373e+9,
283.14,1.750e+9,1.750e+9,
283.19,2.097e+9,2.097e+9,
283.24,2.360e+9,2.360e+9,
283.29,2.496e+9,2.496e+9,
283.34,2.480e+9,2.480e+9,
283.39,2.316e+9,2.316e+9,
283.44,2.032e+9,2.032e+9,
283.49,1.675e+9,1.675e+9,
283.54,1.298e+9,1.298e+9,
283.59,9.445e+8,9.445e+8,
283.64,6.459e+8,6.459e+8,
283.69,4.150e+8,4.150e+8,
283.74,2.506e+8,2.506e+8,
283.79,1.421e+8,1.421e+8,
283.84,7.576e+7,7.576e+7,
283.89,3.795e+7,3.795e+7,
283.94,1.786e+7,1.786e+7,
283.99,7.895e+6,7.895e+6,
284.04,3.280e+6,3.280e+6,
284.09,1.280e+6,1.280e+6,
284.14,4.697e+5,4.697e+5,
284.19,1.619e+5,1.619e+5,
284.24,5.242e+4,5.242e+4,
284.29,1.595e+4,1.595e+4,
284.34,4.559e+3,4.559e+3,
284.39,1.225e+3,1.225e+3,
284.44,3.091e+2,3.091e+2,
284.49,7.331e+1,7.331e+1,
284.54,1.634e+1,1.634e+1,
284.59,3.420e+0,3.420e+0,
284.64,6.729e-1,6.729e-1,
284.69,1.244e-1,1.244e-1,
284.74,2.160e-2,2.160e-2,
284.79,3.526e-3,3.526e-3,
284.84,5.406e-4,5.406e-4,
284.89,7.789e-5,7.789e-5,
284.94,1.054e-5,1.054e-5,
284.99,1.341e-6,1.341e-6,
285.59,8.636e-8,8.636e-8,
285.64,6.894e-7,6.894e-7,
285.69,5.180e-6,5.180e-6,
285.74,3.663e-5,3.663e-5,
285.79,2.439e-4,2.439e-4,
285.84,1.528e-3,1.528e-3,
285.89,9.010e-3,9.010e-3,
285.94,5.001e-2,5.001e-2,
285.99,2.613e-1,2.613e-1,
286.04,1.285e+0,1.285e+0,
286.09,5.947e+0,5.947e+0,
286.14,2.591e+1,2.591e+1,
286.19,1.062e+2,1.062e+2,
286.24,4.100e+2,4.100e+2,
286.29,1.490e+3,1.490e+3,
286.34,5.093e+3,5.093e+3,
286.39,1.639e+4,1.639e+4,
286.44,4.965e+4,4.965e+4,
286.49,1.416e+5,1.416e+5,
286.54,3.799e+5,3.799e+5,
286.59,9.597e+5,9.597e+5,
286.64,2.282e+6,2.282e+6,
286.69,5.106e+6,5.106e+6,
286.74,1.075e+7,1.075e+7,
286.79,2.132e+7,2.132e+7,
286.84,3.978e+7,3.978e+7,
286.89,6.987e+7,6.987e+7,
286.94,1.155e+8,1.155e+8,
286.99,1.797e+8,1.797e+8,
287.04,2.632e+8,2.632e+8,
287.09,3.628e+8,3.628e+8,
287.14,4.708e+8,4.708e+8,
287.19,5.749e+8,5.749e+8,
287.24,6.609e+8,6.609e+8,
287.29,7.150e+8,7.150e+8,
287.34,7.281e+8,7.281e+8,
287.39,6.979e+8,6.979e+8,
287.44,6.296e+8,6.296e+8,
287.49,5.346e+8,5.346e+8,
287.54,4.273e+8,4.273e+8,
287.59,3.214e+8,3.214e+8,
287.64,2.276e+8,2.276e+8,
287.69,1.517e+8,1.517e+8,
287.74,9.516e+7,9.516e+7,
287.79,5.618e+7,5.618e+7,
287.84,3.122e+7,3.122e+7,
287.89,1.633e+7,1.633e+7,
287.94,8.041e+6,8.041e+6,
287.99,3.726e+6,3.726e+6,
288.04,1.625e+6,1.625e+6,
288.09,6.673e+5,6.673e+5,
288.14,2.578e+5,2.578e+5,
288.19,9.378e+4,9.378e+4,
288.24,3.211e+4,3.211e+4,
288.29,1.034e+4,1.034e+4,
288.34,3.137e+3,3.137e+3,
288.39,8.956e+2,8.956e+2,
288.44,2.406e+2,2.406e+2,
288.49,6.086e+1,6.086e+1,
288.54,1.449e+1,1.449e+1,
288.59,3.246e+0,3.246e+0,
288.64,6.844e-1,6.844e-1,
288.69,1.359e-1,1.359e-1,
288.74,2.538e-2,2.538e-2,
288.79,4.463e-3,4.463e-3,
288.84,7.387e-4,7.387e-4,
288.89,1.151e-4,1.151e-4,
288.94,1.687e-5,1.687e-5,
288.99,2.329e-6,2.329e-6,
289.04,3.025e-7,3.025e-7,
355.12,7.757e-8,7.757e-8,
355.17,4.099e-7,4.099e-7,
355.22,2.083e-6,2.083e-6,
355.27,1.018e-5,1.018e-5,
355.32,4.783e-5,4.783e-5,
355.37,2.161e-4,2.161e-4,
355.42,9.388e-4,9.388e-4,
355.47,3.922e-3,3.922e-3,
355.52,1.576e-2,1.576e-2,
355.57,6.086e-2,6.086e-2,
355.62,2.261e-1,2.261e-1,
355.67,8.075e-1,8.075e-1,
355.72,2.773e+0,2.773e+0,
355.77,9.160e+0,9.160e+0,
355.82,2.909e+1,2.909e+1,
355.87,8.883e+1,8.883e+1,
355.92,2.609e+2,2.609e+2,
355.97,7.366e+2,7.366e+2,
356.02,2.000e+3,2.000e+3,
356.07,5.222e+3,5.222e+3,
356.12,1.311e+4,1.311e+4,
356.17,3.165e+4,3.165e+4,
356.22,7.347e+4,7.347e+4,
356.27,1.640e+5,1.640e+5,
356.32,3.521e+5,3.521e+5,
356.37,7.267e+5,7.267e+5,
356.42,1.442e+6,1.442e+6,
356.47,2.753e+6,2.753e+6,
356.52,5.051e+6,5.051e+6,
356.57,8.914e+6,8.914e+6,
356.62,1.513e+7,1.513e+7,
356.67,2.468e+7,2.468e+7,
356.72,3.873e+7,3.873e+7,
356.77,5.843e+7,5.843e+7,
356.82,8.478e+7,8.478e+7,
356.87,1.183e+8,1.183e+8,
356.92,1.587e+8,1.587e+8,
356.97,2.047e+8,2.047e+8,
357.02,2.539e+8,2.539e+8,
357.07,3.028e+8,3.028e+8,
357.12,3.473e+8,3.473e+8,
357.17,3.830e+8,3.830e+8,
357.22,4.062e+8,4.062e+8,
357.27,4.142e+8,4.142e+8,
357.32,4.062e+8,4.062e+8,
357.37,3.830e+8,3.830e+8,
357.42,3.473e+8,3.473e+8,
357.47,3.028e+8,3.028e+8,
357.52,2.539e+8,2.539e+8,
357.57,2.047e+8,2.047e+8,
357.62,1.587e+8,1.587e+8,
357.67,1.183e+8,1.183e+8,
357.72,8.478e+7,8.478e+7,
357.77,5.843e+7,5.843e+7,
357.82,3.873e+7,3.873e+7,
357.87,2.468e+7,2.468e+7,
357.92,1.513e+7,1.513e+7,
357.97,8.914e+6,8.914e+6,
358.02,5.051e+6,5.051e+6,
358.07,2.753e+6,2.753e+6,
358.12,1.442e+6,1.442e+6,
358.17,7.267e+5,7.267e+5,
358.22,3.521e+5,3.521e+5,
358.27,1.640e+5,1.640e+5,
358.32,7.347e+4,7.347e+4,
358.37,3.165e+4,3.165e+4,
358.42,1.311e+4,1.311e+4,
358.47,5.222e+3,5.222e+3,
358.52,2.000e+3,2.000e+3,
358.57,7.366e+2,7.366e+2,
358.62,2.609e+2,2.609e+2,
358.67,8.883e+1,8.883e+1,
358.72,2.909e+1,2.909e+1,
358.77,9.160e+0,9.160e+0,
358.82,2.773e+0,2.773e+0,
358.87,8.075e-1,8.075e-1,
358.92,2.261e-1,2.261e-1,
358.97,6.086e-2,6.086e-2,
359.02,1.576e-2,1.576e-2,
359.07,3.922e-3,3.922e-3,
359.12,9.388e-4,9.388e-4,
359.17,2.161e-4,2.161e-4,
359.22,4.783e-5,4.783e-5,
359.27,1.018e-5,1.018e-5,
359.32,2.083e-6,2.083e-6,
359.37,4.099e-7,4.099e-7,
359.42,7.757e-8,7.757e-8,
361.77,1.872e-7,1.872e-7,
361.82,9.599e-7,9.599e-7,
361.87,4.739e-6,4.739e-6,
361.92,2.253e-5,2.253e-5,
361.97,1.031e-4,1.031e-4,
362.02,4.545e-4,4.545e-4,
362.07,1.929e-3,1.929e-3,
362.12,7.886e-3,7.886e-3,
362.17,3.104e-2,3.104e-2,
362.22,1.176e-1,1.176e-1,
362.27,4.294e-1,4.294e-1,
362.32,1.509e+0,1.509e+0,
362.37,5.108e+0,5.108e+0,
362.42,1.665e+1,1.665e+1,
362.47,5.224e+1,5.224e+1,
362.52,1.579e+2,1.579e+2,
362.57,4.595e+2,4.595e+2,
362.62,1.288e+3,1.288e+3,
362.67,3.475e+3,3.475e+3,
362.72,9.029e+3,9.029e+3,
362.77,2.259e+4,2.259e+4,
362.82,5.444e+4,5.444e+4,
362.87,1.263e+5,1.263e+5,
362.92,2.823e+5,2.823e+5,
362.97,6.074e+5,6.074e+5,
363.02,1.258e+6,1.258e+6,
363.07,2.511e+6,2.511e+6,
363.12,4.824e+6,4.824e+6,
363.17,8.925e+6,8.925e+6,
363.22,1.590e+7,1.590e+7,
363.27,2.728e+7,2.728e+7,
363.32,4.507e+7,4.507e+7,
363.37,7.170e+7,7.170e+7,
363.42,1.098e+8,1.098e+8,
363.47,1.620e+8,1.620e+8,
363.52,2.302e+8,2.302e+8,
363.57,3.149e+8,3.149e+8,
363.62,4.147e+8,4.147e+8,
363.67,5.261e+8,5.261e+8,
363.72,6.426e+8,6.426e+8,
363.77,7.558e+8,7.558e+8,
363.82,8.561e+8,8.561e+8,
363.87,9.337e+8,9.337e+8,
363.92,9.807e+8,9.807e+8,
363.97,9.919e+8,9.919e+8,
364.02,9.660e+8,9.660e+8,
364.07,9.060e+8,9.060e+8,
364.12,8.182e+8,8.182e+8,
364.17,7.115e+8,7.115e+8,
364.22,5.959e+8,5.959e+8,
364.27,4.805e+8,4.805e+8,
364.32,3.731e+8,3.731e+8,
364.37,2.790e+8,2.790e+8,
364.42,2.009e+8,2.009e+8,
364.47,1.393e+8,1.393e+8,
364.52,9.303e+7,9.303e+7,
364.57,5.982e+7,5.982e+7,
364.62,3.704e+7,3.704e+7,
364.67,2.208e+7,2.208e+7,
364.72,1.268e+7,1.268e+7,
364.77,7.010e+6,7.010e+6,
364.82,3.732e+6,3.732e+6,
364.87,1.913e+6,1.913e+6,
364.92,9.446e+5,9.446e+5,
364.97,4.491e+5,4.491e+5,
365.02,2.056e+5,2.056e+5,
365.07,9.062e+4,9.062e+4,
365.12,3.847e+4,3.847e+4,
365.17,1.573e+4,1.573e+4,
365.22,6.190e+3,6.190e+3,
365.27,2.346e+3,2.346e+3,
365.32,8.565e+2,8.565e+2,
365.37,3.011e+2,3.011e+2,
365.42,1.019e+2,1.019e+2,
365.47,3.332e+1,3.332e+1,
365.52,1.080e+1,1.080e+1,
365.57,4.391e+0,4.391e+0,
365.62,4.848e+0,4.848e+0,
365.67,1.226e+1,1.226e+1,
365.72,3.540e+1,3.540e+1,
365.77,1.002e+2,1.002e+2,
365.82,2.738e+2,2.738e+2,
365.87,7.208e+2,7.208e+2,
365.92,1.829e+3,1.829e+3,
365.97,4.471e+3,4.471e+3,
366.02,1.053e+4,1.053e+4,
366.07,2.391e+4,2.391e+4,
366.12,5.229e+4,5.229e+4,
366.17,1.102e+5,1.102e+5,
366.22,2.238e+5,2.238e+5,
366.27,4.380e+5,4.380e+5,
366.32,8.259e+5,8.259e+5,
366.37,1.501e+6,1.501e+6,
366.42,2.627e+6,2.627e+6,
366.47,4.433e+6,4.433e+6,
366.52,7.206e+6,7.206e+6,
366.57,1.129e+7,1.129e+7,
366.62,1.704e+7,1.704e+7,
366.67,2.478e+7,2.478e+7,
366.72,3.473e+7,3.473e+7,
366.77,4.690e+7,4.690e+7,
366.82,6.103e+7,6.103e+7,
366.87,7.653e+7,7.653e+7,
366.92,9.247e+7,9.247e+7,
366.97,1.077e+8,1.077e+8,
367.02,1.208e+8,1.208e+8,
367.07,1.306e+8,1.306e+8,
367.12,1.360e+8,1.360e+8,
367.17,1.366e+8,1.366e+8,
367.22,1.321e+8,1.321e+8,
367.27,1.233e+8,1.233e+8,
367.32,1.111e+8,1.111e+8,
367.37,9.683e+7,9.683e+7,
367.42,8.219e+7,8.219e+7,
367.47,6.886e+7,6.886e+7,
367.52,5.863e+7,5.863e+7,
367.57,5.336e+7,5.336e+7,
367.62,5.514e+7,5.514e+7,
367.67,6.642e+7,6.642e+7,
367.72,9.007e+7,9.007e+7,
367.77,1.294e+8,1.294e+8,
367.82,1.878e+8,1.878e+8,
367.87,2.683e+8,2.683e+8,
367.92,3.728e+8,3.728e+8,
367.97,5.011e+8,5.011e+8,
368.02,6.502e+8,6.502e+8,
368.07,8.138e+8,8.138e+8,
368.12,9.818e+8,9.818e+8,
368.17,1.142e+9,1.142e+9,
368.22,1.280e+9,1.280e+9,
368.27,1.383e+9,1.383e+9,
368.32,1.440e+9,1.440e+9,
368.37,1.446e+9,1.446e+9,
368.42,1.398e+9,1.398e+9,
368.47,1.304e+9,1.304e+9,
368.52,1.172e+9,1.172e+9,
368.57,1.015e+9,1.015e+9,
368.62,8.472e+8,8.472e+8,
368.67,6.816e+8,6.816e+8,
368.72,5.286e+8,5.286e+8,
368.77,3.951e+8,3.951e+8,
368.82,2.846e+8,2.846e+8,
368.87,1.976e+8,1.976e+8,
368.92,1.322e+8,1.322e+8,
368.97,8.529e+7,8.529e+7,
369.02,5.302e+7,5.302e+7,
369.07,3.177e+7,3.177e+7,
369.12,1.834e+7,1.834e+7,
369.17,1.021e+7,1.021e+7,
369.22,5.477e+6,5.477e+6,
369.27,2.832e+6,2.832e+6,
369.32,1.411e+6,1.411e+6,
369.37,6.778e+5,6.778e+5,
369.42,3.138e+5,3.138e+5,
369.47,1.400e+5,1.400e+5,
369.52,6.020e+4,6.020e+4,
369.57,2.495e+4,2.495e+4,
369.62,9.967e+3,9.967e+3,
369.67,3.838e+3,3.838e+3,
369.72,1.424e+3,1.424e+3,
369.77,5.093e+2,5.093e+2,
369.82,1.756e+2,1.756e+2,
369.87,5.834e+1,5.834e+1,
369.92,1.868e+1,1.868e+1,
369.97,5.766e+0,5.766e+0,
370.02,1.715e+0,1.715e+0,
370.07,4.918e-1,4.918e-1,
370.12,1.359e-1,1.359e-1,
370.17,3.620e-2,3.620e-2,
370.22,9.291e-3,9.291e-3,
370.27,2.299e-3,2.299e-3,
370.32,5.482e-4,5.482e-4,
370.37,1.260e-4,1.260e-4,
370.42,2.791e-5,2.791e-5,
370.47,5.959e-6,5.959e-6,
370.52,1.226e-6,1.226e-6,
370.57,2.432e-7,2.432e-7,
371.72,5.570e-8,5.570e-8,
371.77,2.773e-7,2.773e-7,
371.82,1.332e-6,1.332e-6,
371.87,6.172e-6,6.172e-6,
371.92,2.760e-5,2.760e-5,
371.97,1.191e-4,1.191e-4,
372.02,4.959e-4,4.959e-4,
372.07,1.992e-3,1.992e-3,
372.12,7.721e-3,7.721e-3,
372.17,2.888e-2,2.888e-2,
372.22,1.042e-1,1.042e-1,
372.27,3.628e-1,3.628e-1,
372.32,1.219e+0,1.219e+0,
372.37,3.951e+0,3.951e+0,
372.42,1.236e+1,1.236e+1,
372.47,3.730e+1,3.730e+1,
372.52,1.086e+2,1.086e+2,
372.57,3.052e+2,3.052e+2,
372.62,8.274e+2,8.274e+2,
372.67,2.164e+3,2.164e+3,
372.72,5.463e+3,5.463e+3,
372.77,1.330e+4,1.330e+4,
372.82,3.126e+4,3.126e+4,
372.87,7.088e+4,7.088e+4,
372.92,1.551e+5,1.551e+5,
372.97,3.273e+5,3.273e+5,
373.02,6.667e+5,6.667e+5,
373.07,1.310e+6,1.310e+6,
373.12,2.485e+6,2.485e+6,
373.17,4.546e+6,4.546e+6,
373.22,8.025e+6,8.025e+6,
373.27,1.367e+7,1.367e+7,
373.32,2.247e+7,2.247e+7,
373.37,3.563e+7,3.563e+7,
373.42,5.452e+7,5.452e+7,
373.47,8.050e+7,8.050e+7,
373.52,1.147e+8,1.147e+8,
373.57,1.576e+8,1.576e+8,
373.62,2.091e+8,2.091e+8,
373.67,2.676e+8,2.676e+8,
373.72,3.304e+8,3.304e+8,
373.77,3.937e+8,3.937e+8,
373.82,4.525e+8,4.525e+8,
373.87,5.020e+8,5.020e+8,
373.92,5.373e+8,5.373e+8,
373.97,5.548e+8,5.548e+8,
374.02,5.528e+8,5.528e+8,
374.07,5.315e+8,5.315e+8,
374.12,4.931e+8,4.931e+8,
374.17,4.414e+8,4.414e+8,
374.22,3.812e+8,3.812e+8,
374.27,3.177e+8,3.177e+8,
374.32,2.554e+8,2.554e+8,
374.37,1.982e+8,1.982e+8,
374.42,1.484e+8,1.484e+8,
374.47,1.072e+8,1.072e+8,
374.52,7.468e+7,7.468e+7,
374.57,5.022e+7,5.022e+7,
374.62,3.259e+7,3.259e+7,
374.67,2.040e+7,2.040e+7,
374.72,1.232e+7,1.232e+7,
374.77,7.184e+6,7.184e+6,
374.82,4.040e+6,4.040e+6,
374.87,2.192e+6,2.192e+6,
374.92,1.148e+6,1.148e+6,
374.97,5.800e+5,5.800e+5,
375.02,2.827e+5,2.827e+5,
375.07,1.330e+5,1.330e+5,
375.12,6.035e+4,6.035e+4,
375.17,2.643e+4,2.643e+4,
375.22,1.117e+4,1.117e+4,
375.27,4.552e+3,4.552e+3,
375.32,1.791e+3,1.791e+3,
375.37,6.797e+2,6.797e+2,
375.42,2.489e+2,2.489e+2,
375.47,8.796e+1,8.796e+1,
375.52,2.999e+1,2.999e+1,
375.57,9.867e+0,9.867e+0,
375.62,3.132e+0,3.132e+0,
375.67,9.593e-1,9.593e-1,
375.72,2.835e-1,2.835e-1,
375.77,8.084e-2,8.084e-2,
375.82,2.224e-2,2.224e-2,
375.87,5.905e-3,5.905e-3,
375.92,1.513e-3,1.513e-3,
375.97,3.739e-4,3.739e-4,
376.02,8.916e-5,8.916e-5,
376.07,2.052e-5,2.052e-5,
376.12,4.555e-6,4.555e-6,
376.17,9.758e-7,9.758e-7,
376.22,2.017e-7,2.017e-7,
399.53,5.680e-9,5.680e-9,
399.58,2.516e-8,2.516e-8,
399.63,1.081e-7,1.081e-7,
399.68,4.501e-7,4.501e-7,
399.73,1.817e-6,1.817e-6,
399.78,7.115e-6,7.115e-6,
399.83,2.700e-5,2.700e-5,
399.88,9.935e-5,9.935e-5,
399.93,3.544e-4,3.544e-4,
399.98,1.226e-3,1.226e-3,
400.03,4.111e-3,4.111e-3,
400.08,1.337e-2,1.337e-2,
400.13,4.213e-2,4.213e-2,
400.18,1.288e-1,1.288e-1,
400.23,3.815e-1,3.815e-1,
400.28,1.096e+0,1.096e+0,
400.33,3.052e+0,3.052e+0,
400.38,8.242e+0,8.242e+0,
400.43,2.158e+1,2.158e+1,
400.48,5.477e+1,5.477e+1,
400.53,1.348e+2,1.348e+2,
400.58,3.216e+2,3.216e+2,
400.63,7.438e+2,7.438e+2,
400.68,1.668e+3,1.668e+3,
400.73,3.627e+3,3.627e+3,
400.78,7.646e+3,7.646e+3,
400.83,1.563e+4,1.563e+4,
400.88,3.097e+4,3.097e+4,
400.93,5.950e+4,5.950e+4,
400.98,1.108e+5,1.108e+5,
401.03,2.001e+5,2.001e+5,
401.08,3.504e+5,3.504e+5,
401.13,5.948e+5,5.948e+5,
401.18,9.790e+5,9.790e+5,
401.23,1.562e+6,1.562e+6,
401.28,2.417e+6,2.417e+6,
401.33,3.625e+6,3.625e+6,
401.38,5.271e+6,5.271e+6,
401.43,7.431e+6,7.431e+6,
401.48,1.016e+7,1.016e+7,
401.53,1.346e+7,1.346e+7,
401.58,1.730e+7,1.730e+7,
401.63,2.155e+7,2.155e+7,
401.68,2.602e+7,2.602e+7,
401.73,3.047e+7,3.047e+7,
401.78,3.459e+7,3.459e+7,
401.83,3.808e+7,3.808e+7,
401.88,4.063e+7,4.063e+7,
401.93,4.204e+7,4.204e+7,
401.98,4.217e+7,4.217e+7,
402.03,4.101e+7,4.101e+7,
402.08,3.867e+7,3.867e+7,
402.13,3.535e+7,3.535e+7,
402.18,3.133e+7,3.133e+7,
402.23,2.692e+7,2.692e+7,
402.28,2.243e+7,2.243e+7,
402.33,1.812e+7,1.812e+7,
402.38,1.419e+7,1.419e+7,
402.43,1.077e+7,1.077e+7,
402.48,7.930e+6,7.930e+6,
402.53,5.660e+6,5.660e+6,
402.58,3.916e+6,3.916e+6,
402.63,2.627e+6,2.627e+6,
402.68,1.709e+6,1.709e+6,
402.73,1.078e+6,1.078e+6,
402.78,6.588e+5,6.588e+5,
402.83,3.905e+5,3.905e+5,
402.88,2.244e+5,2.244e+5,
402.93,1.250e+5,1.250e+5,
402.98,6.755e+4,6.755e+4,
403.03,3.538e+4,3.538e+4,
403.08,1.796e+4,1.796e+4,
403.13,8.844e+3,8.844e+3,
403.18,4.221e+3,4.221e+3,
403.23,1.953e+3,1.953e+3,
403.28,8.764e+2,8.764e+2,
403.33,3.812e+2,3.812e+2,
403.38,1.608e+2,1.608e+2,
403.43,6.574e+1,6.574e+1,
403.48,2.606e+1,2.606e+1,
403.53,1.002e+1,1.002e+1,
403.58,3.733e+0,3.733e+0,
403.63,1.350e+0,1.350e+0,
403.68,4.776e-1,4.776e-1,
403.73,1.789e-1,1.789e-1,
403.78,1.161e-1,1.161e-1,
403.83,2.268e-1,2.268e-1,
403.88,6.810e-1,6.810e-1,
403.93,2.112e+0,2.112e+0,
403.98,6.394e+0,6.394e+0,
404.03,1.879e+1,1.879e+1,
404.08,5.356e+1,5.356e+1,
404.13,1.481e+2,1.481e+2,
404.18,3.974e+2,3.974e+2,
404.23,1.034e+3,1.034e+3,
404.28,2.612e+3,2.612e+3,
404.33,6.397e+3,6.397e+3,
404.38,1.520e+4,1.520e+4,
404.43,3.503e+4,3.503e+4,
404.48,7.833e+4,7.833e+4,
404.53,1.699e+5,1.699e+5,
404.58,3.576e+5,3.576e+5,
404.63,7.300e+5,7.300e+5,
404.68,1.446e+6,1.446e+6,
404.73,2.777e+6,2.777e+6,
404.78,5.176e+6,5.176e+6,
404.83,9.359e+6,9.359e+6,
404.88,1.642e+7,1.642e+7,
404.93,2.793e+7,2.793e+7,
404.98,4.611e+7,4.611e+7,
405.03,7.385e+7,7.385e+7,
405.08,1.148e+8,1.148e+8,
405.13,1.730e+8,1.730e+8,
405.18,2.531e+8,2.531e+8,
405.23,3.591e+8,3.591e+8,
405.28,4.946e+8,4.946e+8,
405.33,6.610e+8,6.610e+8,
405.38,8.574e+8,8.574e+8,
405.43,1.079e+9,1.079e+9,
405.48,1.319e+9,1.319e+9,
405.53,1.566e+9,1.566e+9,
405.58,1.805e+9,1.805e+9,
405.63,2.022e+9,2.022e+9,
405.68,2.202e+9,2.202e+9,
405.73,2.332e+9,2.332e+9,
405.78,2.404e+9,2.404e+9,
405.83,2.414e+9,2.414e+9,
405.88,2.364e+9,2.364e+9,
405.93,2.260e+9,2.260e+9,
405.98,2.113e+9,2.113e+9,
406.03,1.934e+9,1.934e+9,
406.08,1.737e+9,1.737e+9,
406.13,1.533e+9,1.533e+9,
406.18,1.331e+9,1.331e+9,
406.23,1.140e+9,1.140e+9,
406.28,9.620e+8,9.620e+8,
406.33,8.014e+8,8.014e+8,
406.38,6.586e+8,6.586e+8,
406.43,5.337e+8,5.337e+8,
406.48,4.258e+8,4.258e+8,
406.53,3.340e+8,3.340e+8,
406.58,2.573e+8,2.573e+8,
406.63,1.941e+8,1.941e+8,
406.68,1.433e+8,1.433e+8,
406.73,1.034e+8,1.034e+8,
406.78,7.276e+7,7.276e+7,
406.83,4.990e+7,4.990e+7,
406.88,3.332e+7,3.332e+7,
406.93,2.165e+7,2.165e+7,
406.98,1.368e+7,1.368e+7,
407.03,8.397e+6,8.397e+6,
407.08,5.009e+6,5.009e+6,
407.13,2.901e+6,2.901e+6,
407.18,1.632e+6,1.632e+6,
407.23,8.909e+5,8.909e+5,
407.28,4.722e+5,4.722e+5,
407.33,2.428e+5,2.428e+5,
407.38,1.212e+5,1.212e+5,
407.43,5.871e+4,5.871e+4,
407.48,2.759e+4,2.759e+4,
407.53,1.258e+4,1.258e+4,
407.58,5.567e+3,5.567e+3,
407.63,2.390e+3,2.390e+3,
407.68,9.952e+2,9.952e+2,
407.73,4.021e+2,4.021e+2,
407.78,1.577e+2,1.577e+2,
407.83,5.996e+1,5.996e+1,
407.88,2.212e+1,2.212e+1,
407.93,7.920e+0,7.920e+0,
407.98,2.751e+0,2.751e+0,
408.03,9.268e-1,9.268e-1,
408.08,3.030e-1,3.030e-1,
408.13,9.608e-2,9.608e-2,
408.18,2.956e-2,2.956e-2,
408.23,8.824e-3,8.824e-3,
408.28,2.555e-3,2.555e-3,
408.33,7.178e-4,7.178e-4,
408.38,1.956e-4,1.956e-4,
408.43,5.173e-5,5.173e-5,
408.48,1.327e-5,1.327e-5,
408.53,3.303e-6,3.303e-6,
408.58,7.974e-7,7.974e-7,
408.63,1.868e-7,1.868e-7,
408.68,4.244e-8,4.244e-8,
497.51,7.011e-9,7.011e-9,
497.56,2.326e-8,2.326e-8,
497.61,7.566e-8,7.566e-8,
497.66,2.412e-7,2.412e-7,
497.71,7.539e-7,7.539e-7,
497.76,2.310e-6,2.310e-6,
497.81,6.936e-6,6.936e-6,
497.86,2.042e-5,2.042e-5,
497.91,5.891e-5,5.891e-5,
497.96,1.666e-4,1.666e-4,
498.01,4.620e-4,4.620e-4,
498.06,1.256e-3,1.256e-3,
498.11,3.345e-3,3.345e-3,
498.16,8.736e-3,8.736e-3,
498.21,2.236e-2,2.236e-2,
498.26,5.612e-2,5.612e-2,
498.31,1.380e-1,1.380e-1,
498.36,3.328e-1,3.328e-1,
498.41,7.866e-1,7.866e-1,
498.46,1.822e+0,1.822e+0,
498.51,4.139e+0,4.139e+0,
498.56,9.213e+0,9.213e+0,
498.61,2.010e+1,2.010e+1,
498.66,4.300e+1,4.300e+1,
498.71,9.017e+1,9.017e+1,
498.76,1.853e+2,1.853e+2,
498.81,3.734e+2,3.734e+2,
498.86,7.374e+2,7.374e+2,
498.91,1.428e+3,1.428e+3,
498.96,2.709e+3,2.709e+3,
499.01,5.039e+3,5.039e+3,
499.06,9.188e+3,9.188e+3,
499.11,1.642e+4,1.642e+4,
499.16,2.877e+4,2.877e+4,
499.21,4.942e+4,4.942e+4,
499.26,8.319e+4,8.319e+4,
499.31,1.373e+5,1.373e+5,
499.36,2.221e+5,2.221e+5,
499.41,3.521e+5,3.521e+5,
499.46,5.473e+5,5.473e+5,
499.51,8.339e+5,8.339e+5,
499.56,1.245e+6,1.245e+6,
499.61,1.823e+6,1.823e+6,
499.66,2.617e+6,2.617e+6,
499.71,3.681e+6,3.681e+6,
499.76,5.076e+6,5.076e+6,
499.81,6.861e+6,6.861e+6,
499.86,9.090e+6,9.090e+6,
499.91,1.181e+7,1.181e+7,
499.96,1.503e+7,1.503e+7,
500.01,1.876e+7,1.876e+7,
500.06,2.295e+7,2.295e+7,
500.11,2.752e+7,2.752e+7,
500.16,3.235e+7,3.235e+7,
500.21,3.727e+7,3.727e+7,
500.26,4.209e+7,4.209e+7,
500.31,4.660e+7,4.660e+7,
500.36,5.058e+7,5.058e+7,
500.41,5.380e+7,5.380e+7,
500.46,5.611e+7,5.611e+7,
500.51,5.735e+7,5.735e+7,
500.56,5.747e+7,5.747e+7,
500.61,5.644e+7,5.644e+7,
500.66,5.434e+7,5.434e+7,
500.71,5.129e+7,5.129e+7,
500.76,4.745e+7,4.745e+7,
500.81,4.303e+7,4.303e+7,
500.86,3.825e+7,3.825e+7,
500.91,3.333e+7,3.333e+7,
500.96,2.847e+7,2.847e+7,
501.01,2.383e+7,2.383e+7,
501.06,1.956e+7,1.956e+7,
501.11,1.574e+7,1.574e+7,
501.16,1.241e+7,1.241e+7,
501.21,9.594e+6,9.594e+6,
501.26,7.270e+6,7.270e+6,
501.31,5.400e+6,5.400e+6,
501.36,3.932e+6,3.932e+6,
501.41,2.806e+6,2.806e+6,
501.46,1.963e+6,1.963e+6,
501.51,1.346e+6,1.346e+6,
501.56,9.050e+5,9.050e+5,
501.61,5.964e+5,5.964e+5,
501.66,3.852e+5,3.852e+5,
501.71,2.439e+5,2.439e+5,
501.76,1.514e+5,1.514e+5,
501.81,9.210e+4,9.210e+4,
501.86,5.493e+4,5.493e+4,
501.91,3.211e+4,3.211e+4,
501.96,1.840e+4,1.840e+4,
502.01,1.034e+4,1.034e+4,
502.06,5.691e+3,5.691e+3,
502.11,3.072e+3,3.072e+3,
502.16,1.625e+3,1.625e+3,
502.21,8.429e+2,8.429e+2,
502.26,4.285e+2,4.285e+2,
502.31,2.135e+2,2.135e+2,
502.36,1.043e+2,1.043e+2,
502.41,4.995e+1,4.995e+1,
502.46,2.344e+1,2.344e+1,
502.51,1.079e+1,1.079e+1,
502.56,4.865e+0,4.865e+0,
502.61,2.151e+0,2.151e+0,
502.66,9.320e-1,9.320e-1,
502.71,3.959e-1,3.959e-1,
502.76,1.649e-1,1.649e-1,
502.81,6.729e-2,6.729e-2,
502.86,2.692e-2,2.692e-2,
502.91,1.056e-2,1.056e-2,
502.96,4.060e-3,4.060e-3,
503.01,1.530e-3,1.530e-3,
503.06,5.652e-4,5.652e-4,
503.11,2.047e-4,2.047e-4,
503.16,7.265e-5,7.265e-5,
503.21,2.528e-5,2.528e-5,
503.26,8.621e-6,8.621e-6,
503.31,2.882e-6,2.882e-6,
503.36,9.446e-7,9.446e-7,
503.41,3.035e-7,3.035e-7,
503.46,9.556e-8,9.556e-8,
503.51,2.950e-8,2.950e-8,
503.56,8.925e-9,8.925e-9,
517.02,7.289e-9,7.289e-9,
517.07,2.288e-8,2.288e-8,
517.12,7.052e-8,7.052e-8,
517.17,2.133e-7,2.133e-7,
517.22,6.336e-7,6.336e-7,
517.27,1.847e-6,1.847e-6,
517.32,5.287e-6,5.287e-6,
517.37,1.485e-5,1.485e-5,
517.42,4.097e-5,4.097e-5,
517.47,1.109e-4,1.109e-4,
517.52,2.949e-4,2.949e-4,
517.57,7.696e-4,7.696e-4,
517.62,1.971e-3,1.971e-3,
517.67,4.958e-3,4.958e-3,
517.72,1.224e-2,1.224e-2,
517.77,2.966e-2,2.966e-2,
517.82,7.057e-2,7.057e-2,
517.87,1.648e-1,1.648e-1,
517.92,3.779e-1,3.779e-1,
517.97,8.507e-1,8.507e-1,
518.02,1.880e+0,1.880e+0,
518.07,4.077e+0,4.077e+0,
518.12,8.683e+0,8.683e+0,
518.17,1.815e+1,1.815e+1,
518.22,3.725e+1,3.725e+1,
518.27,7.504e+1,7.504e+1,
518.32,1.484e+2,1.484e+2,
518.37,2.881e+2,2.881e+2,
518.42,5.492e+2,5.492e+2,
518.47,1.028e+3,1.028e+3,
518.52,1.887e+3,1.887e+3,
518.57,3.403e+3,3.403e+3,
518.62,6.024e+3,6.024e+3,
518.67,1.047e+4,1.047e+4,
518.72,1.786e+4,1.786e+4,
518.77,2.991e+4,2.991e+4,
518.82,4.917e+4,4.917e+4,
518.87,7.935e+4,7.935e+4,
518.92,1.257e+5,1.257e+5,
518.97,1.955e+5,1.955e+5,
519.02,2.986e+5,2.986e+5,
519.07,4.475e+5,4.475e+5,
519.12,6.585e+5,6.585e+5,
519.17,9.512e+5,9.512e+5,
519.22,1.349e+6,1.349e+6,
519.27,1.878e+6,1.878e+6,
519.32,2.566e+6,2.566e+6,
519.37,3.443e+6,3.443e+6,
519.42,4.534e+6,4.534e+6,
519.47,5.862e+6,5.862e+6,
519.52,7.440e+6,7.440e+6,
519.57,9.270e+6,9.270e+6,
519.62,1.134e+7,1.134e+7,
519.67,1.362e+7,1.362e+7,
519.72,1.605e+7,1.605e+7,
519.77,1.857e+7,1.857e+7,
519.82,2.110e+7,2.110e+7,
519.87,2.353e+7,2.353e+7,
519.92,2.576e+7,2.576e+7,
519.97,2.769e+7,2.769e+7,
520.02,2.921e+7,2.921e+7,
520.07,3.025e+7,3.025e+7,
520.12,3.076e+7,3.076e+7,
520.17,3.070e+7,3.070e+7,
520.22,3.009e+7,3.009e+7,
520.27,2.894e+7,2.894e+7,
520.32,2.733e+7,2.733e+7,
520.37,2.534e+7,2.534e+7,
520.42,2.306e+7,2.306e+7,
520.47,2.060e+7,2.060e+7,
520.52,1.807e+7,1.807e+7,
520.57,1.555e+7,1.555e+7,
520.62,1.315e+7,1.315e+7,
520.67,1.091e+7,1.091e+7,
520.72,8.885e+6,8.885e+6,
520.77,7.104e+6,7.104e+6,
520.82,5.577e+6,5.577e+6,
520.87,4.297e+6,4.297e+6,
520.92,3.251e+6,3.251e+6,
520.97,2.414e+6,2.414e+6,
521.02,1.760e+6,1.760e+6,
521.07,1.260e+6,1.260e+6,
521.12,8.851e+5,8.851e+5,
521.17,6.104e+5,6.104e+5,
521.22,4.133e+5,4.133e+5,
521.27,2.747e+5,2.747e+5,
521.32,1.793e+5,1.793e+5,
521.37,1.148e+5,1.148e+5,
521.42,7.221e+4,7.221e+4,
521.47,4.458e+4,4.458e+4,
521.52,2.702e+4,2.702e+4,
521.57,1.607e+4,1.607e+4,
521.62,9.387e+3,9.387e+3,
521.67,5.382e+3,5.382e+3,
521.72,3.029e+3,3.029e+3,
521.77,1.674e+3,1.674e+3,
521.82,9.079e+2,9.079e+2,
521.87,4.834e+2,4.834e+2,
521.92,2.527e+2,2.527e+2,
521.97,1.297e+2,1.297e+2,
522.02,6.533e+1,6.533e+1,
522.07,3.231e+1,3.231e+1,
522.12,1.569e+1,1.569e+1,
522.17,7.476e+0,7.476e+0,
522.22,3.498e+0,3.498e+0,
522.27,1.606e+0,1.606e+0,
522.32,7.243e-1,7.243e-1,
522.37,3.206e-1,3.206e-1,
522.42,1.393e-1,1.393e-1,
522.47,5.943e-2,5.943e-2,
522.52,2.489e-2,2.489e-2,
522.57,1.023e-2,1.023e-2,
522.62,4.129e-3,4.129e-3,
522.67,1.636e-3,1.636e-3,
522.72,6.362e-4,6.362e-4,
522.77,2.429e-4,2.429e-4,
522.82,9.104e-5,9.104e-5,
522.87,3.350e-5,3.350e-5,
522.92,1.210e-5,1.210e-5,
522.97,4.290e-6,4.290e-6,
523.02,1.494e-6,1.494e-6,
523.07,5.104e-7,5.104e-7,
523.12,1.712e-7,1.712e-7,
523.17,5.639e-8,5.639e-8,
523.22,1.823e-8,1.823e-8,
523.27,5.786e-9,5.786e-9,
