Wavelength (nm),Sum,Zn I (3.9e-01),Zn II (6.1e-01)
201.32,5.331e-6,,5.331e-6
201.37,1.006e-4,,1.006e-4
201.42,1.679e-3,,1.679e-3
201.47,2.482e-2,,2.482e-2
201.52,3.248e-1,,3.248e-1
201.57,3.763e+0,,3.763e+0
201.62,3.859e+1,,3.859e+1
201.67,3.503e+2,,3.503e+2
201.72,2.816e+3,,2.816e+3
201.77,2.003e+4,,2.003e+4
201.82,1.262e+5,,1.262e+5
201.87,7.036e+5,,7.036e+5
201.92,3.473e+6,,3.473e+6
201.97,1.517e+7,,1.517e+7
202.02,5.870e+7,,5.870e+7
202.07,2.010e+8,,2.010e+8
202.12,6.094e+8,,6.094e+8
202.17,1.635e+9,,1.635e+9
202.22,3.885e+9,,3.885e+9
202.27,8.171e+9,,8.171e+9
202.32,1.521e+10,,1.521e+10
202.37,2.507e+10,,2.507e+10
202.42,3.659e+10,,3.659e+10
202.47,4.726e+10,,4.726e+10
202.52,5.404e+10,,5.404e+10
202.57,5.470e+10,,5.470e+10
202.62,4.902e+10,,4.902e+10
202.67,3.888e+10,,3.888e+10
202.72,2.731e+10,,2.731e+10
202.77,1.698e+10,,1.698e+10
202.82,9.343e+9,,9.343e+9
202.87,4.552e+9,,4.552e+9
202.92,1.963e+9,,1.963e+9
202.97,7.497e+8,,7.497e+8
203.02,2.534e+8,,2.534e+8
203.07,7.582e+7,,7.582e+7
203.12,2.008e+7,,2.008e+7
203.17,4.710e+6,,4.710e+6
203.22,9.777e+5,,9.777e+5
203.27,1.797e+5,,1.797e+5
203.32,2.923e+4,,2.923e+4
203.37,4.210e+3,,4.210e+3
203.42,5.367e+2,,5.367e+2
203.47,6.058e+1,,6.058e+1
203.52,6.053e+0,,6.053e+0
203.57,5.354e-1,,5.354e-1
203.62,4.192e-2,,4.192e-2
203.67,2.906e-3,,2.906e-3
203.72,1.783e-4,,1.783e-4
203.77,9.687e-6,,9.687e-6
204.97,1.010e-5,,1.010e-5
205.02,1.718e-4,,1.718e-4
205.07,2.599e-3,,2.599e-3
205.12,3.495e-2,,3.495e-2
205.17,4.179e-1,,4.179e-1
205.22,4.443e+0,,4.443e+0
205.27,4.199e+1,,4.199e+1
205.32,3.528e+2,,3.528e+2
205.37,2.635e+3,,2.635e+3
205.42,1.750e+4,,1.750e+4
205.47,1.033e+5,,1.033e+5
205.52,5.424e+5,,5.424e+5
205.57,2.531e+6,,2.531e+6
205.62,1.050e+7,,1.050e+7
205.67,3.874e+7,,3.874e+7
205.72,1.271e+8,,1.271e+8
205.77,3.705e+8,,3.705e+8
205.82,9.604e+8,,9.604e+8
205.87,2.213e+9,,2.213e+9
205.92,4.535e+9,,4.535e+9
205.97,8.262e+9,,8.262e+9
206.02,1.338e+10,,1.338e+10
206.07,1.927e+10,,1.927e+10
206.12,2.467e+10,,2.467e+10
206.17,2.808e+10,,2.808e+10
206.22,2.842e+10,,2.842e+10
206.27,2.558e+10,,2.558e+10
206.32,2.048e+10,,2.048e+10
206.37,1.459e+10,,1.459e+10
206.42,9.247e+9,,9.247e+9
206.47,5.221e+9,,5.221e+9
206.52,2.629e+9,,2.629e+9
206.57,1.183e+9,,1.183e+9
206.62,4.772e+8,,4.772e+8
206.67,1.735e+8,,1.735e+8
206.72,5.726e+7,,5.726e+7
206.77,1.734e+7,,1.734e+7
206.82,4.878e+6,,4.878e+6
206.87,1.292e+6,,1.292e+6
206.92,3.245e+5,,3.245e+5
206.97,7.748e+4,,7.748e+4
207.02,1.744e+4,,1.744e+4
207.07,3.660e+3,,3.660e+3
207.12,7.065e+2,,7.065e+2
207.17,1.241e+2,,1.241e+2
207.22,1.966e+1,,1.966e+1
207.27,2.797e+0,,2.797e+0
207.32,3.558e-1,,3.558e-1
207.37,4.038e-2,,4.038e-2
207.42,4.085e-3,,4.085e-3
207.47,3.669e-4,,3.669e-4
207.52,2.944e-5,,2.944e-5
207.57,2.100e-6,,2.100e-6
207.62,1.333e-7,,1.333e-7
207.67,7.519e-9,,7.519e-9
208.72,1.446e-8,,1.446e-8
208.77,2.434e-7,,2.434e-7
208.82,3.658e-6,,3.658e-6
208.87,4.908e-5,,4.908e-5
208.92,5.879e-4,,5.879e-4
208.97,6.288e-3,,6.288e-3
209.02,6.004e-2,,6.004e-2
209.07,5.118e-1,,5.118e-1
209.12,3.895e+0,,3.895e+0
209.17,2.647e+1,,2.647e+1
209.22,1.606e+2,,1.606e+2
209.27,8.698e+2,,8.698e+2
209.32,4.206e+3,,4.206e+3
209.37,1.816e+4,,1.816e+4
209.42,7.001e+4,,7.001e+4
209.47,2.410e+5,,2.410e+5
209.52,7.404e+5,,7.404e+5
209.57,2.031e+6,,2.031e+6
209.62,4.977e+6,,4.977e+6
209.67,1.089e+7,,1.089e+7
209.72,2.127e+7,,2.127e+7
209.77,3.713e+7,,3.713e+7
209.82,5.791e+7,,5.791e+7
209.87,8.077e+7,,8.077e+7
209.92,1.008e+8,,1.008e+8
209.97,1.129e+8,,1.129e+8
210.02,1.136e+8,,1.136e+8
210.07,1.033e+8,,1.033e+8
210.12,8.543e+7,,8.543e+7
210.17,6.485e+7,,6.485e+7
210.22,4.575e+7,,4.575e+7
210.27,3.040e+7,,3.040e+7
210.32,1.923e+7,,1.923e+7
210.37,1.161e+7,,1.161e+7
210.42,6.666e+6,,6.666e+6
210.47,3.597e+6,,3.597e+6
210.52,1.800e+6,,1.800e+6
210.57,8.257e+5,,8.257e+5
210.62,3.440e+5,,3.440e+5
210.67,1.294e+5,,1.294e+5
210.72,4.373e+4,,4.373e+4
210.77,1.325e+4,,1.325e+4
210.82,3.595e+3,,3.595e+3
210.87,8.720e+2,,8.720e+2
210.92,1.891e+2,,1.891e+2
210.97,3.663e+1,,3.663e+1
211.02,6.338e+0,,6.338e+0
211.07,9.797e-1,,9.797e-1
211.12,1.352e-1,,1.352e-1
211.17,1.667e-2,,1.667e-2
211.22,1.836e-3,,1.836e-3
211.27,1.805e-4,,1.805e-4
211.32,1.585e-5,,1.585e-5
211.37,1.243e-6,,1.243e-6
211.42,8.703e-8,,8.703e-8
211.47,5.442e-9,,5.442e-9
212.57,1.724e-5,1.724e-5,
212.62,2.740e-4,2.740e-4,
212.67,3.903e-3,3.903e-3,
212.72,4.986e-2,4.986e-2,
212.77,5.708e-1,5.708e-1,
212.82,5.859e+0,5.859e+0,
212.87,5.391e+1,5.391e+1,
212.92,4.446e+2,4.446e+2,
212.97,3.288e+3,3.288e+3,
213.02,2.179e+4,2.179e+4,
213.07,1.295e+5,1.295e+5,
213.12,6.897e+5,6.897e+5,
213.17,3.293e+6,3.293e+6,
213.22,1.410e+7,1.410e+7,
213.27,5.408e+7,5.408e+7,
213.32,1.860e+8,1.860e+8,
213.37,5.736e+8,5.736e+8,
213.42,1.586e+9,1.586e+9,
213.47,3.929e+9,3.929e+9,
213.52,8.727e+9,8.727e+9,
213.57,1.738e+10,1.738e+10,
213.62,3.102e+10,3.102e+10,
213.67,4.963e+10,4.963e+10,
213.72,7.120e+10,7.120e+10,
213.77,9.155e+10,9.155e+10,
213.82,1.055e+11,1.055e+11,
213.87,1.091e+11,1.091e+11,
213.92,1.010e+11,1.010e+11,
213.97,8.389e+10,8.389e+10,
214.02,6.244e+10,6.244e+10,
214.07,4.167e+10,4.167e+10,
214.12,2.493e+10,2.493e+10,
214.17,1.337e+10,1.337e+10,
214.22,6.426e+9,6.426e+9,
214.27,2.769e+9,2.769e+9,
214.32,1.070e+9,1.070e+9,
214.37,3.704e+8,3.704e+8,
214.42,1.150e+8,1.150e+8,
214.47,3.200e+7,3.200e+7,
214.52,7.983e+6,7.983e+6,
214.57,1.785e+6,1.785e+6,
214.62,3.579e+5,3.579e+5,
214.67,6.432e+4,6.432e+4,
214.72,1.036e+4,1.036e+4,
214.77,1.496e+3,1.496e+3,
214.82,1.937e+2,1.937e+2,
214.87,2.248e+1,2.248e+1,
214.92,2.339e+0,2.339e+0,
214.97,2.181e-1,2.181e-1,
215.02,1.824e-2,1.824e-2,
215.07,1.367e-3,1.367e-3,
215.12,9.181e-5,9.181e-5,
215.17,5.529e-6,5.529e-6,
248.68,2.929e-9,,2.929e-9
248.73,3.191e-8,,3.191e-8
248.78,3.210e-7,,3.210e-7
248.83,2.980e-6,,2.980e-6
248.88,2.555e-5,,2.555e-5
248.93,2.022e-4,,2.022e-4
248.98,1.478e-3,,1.478e-3
249.03,9.968e-3,,9.968e-3
249.08,6.208e-2,,6.208e-2
249.13,3.570e-1,,3.570e-1
249.18,1.895e+0,,1.895e+0
249.23,9.288e+0,,9.288e+0
249.28,4.203e+1,,4.203e+1
249.33,1.756e+2,,1.756e+2
249.38,6.771e+2,,6.771e+2
249.43,2.411e+3,,2.411e+3
249.48,7.927e+3,,7.927e+3
249.53,2.406e+4,,2.406e+4
249.58,6.741e+4,,6.741e+4
249.63,1.744e+5,,1.744e+5
249.68,4.165e+5,,4.165e+5
249.73,9.184e+5,,9.184e+5
249.78,1.870e+6,,1.870e+6
249.83,3.514e+6,,3.514e+6
249.88,6.097e+6,,6.097e+6
249.93,9.768e+6,,9.768e+6
249.98,1.445e+7,,1.445e+7
250.03,1.973e+7,,1.973e+7
250.08,2.487e+7,,2.487e+7
250.13,2.894e+7,,2.894e+7
250.18,3.110e+7,,3.110e+7
250.23,3.085e+7,,3.085e+7
250.28,2.826e+7,,2.826e+7
250.33,2.390e+7,,2.390e+7
250.38,1.865e+7,,1.865e+7
250.43,1.345e+7,,1.345e+7
250.48,8.947e+6,,8.947e+6
250.53,5.496e+6,,5.496e+6
250.58,3.117e+6,,3.117e+6
250.63,1.632e+6,,1.632e+6
250.68,7.891e+5,,7.891e+5
250.73,3.522e+5,,3.522e+5
250.78,1.451e+5,,1.451e+5
250.83,5.521e+4,,5.521e+4
250.88,1.939e+4,,1.939e+4
250.93,6.288e+3,,6.288e+3
250.98,1.882e+3,,1.882e+3
251.03,5.202e+2,,5.202e+2
251.08,1.328e+2,,1.328e+2
251.13,3.127e+1,,3.127e+1
251.18,6.802e+0,,6.802e+0
251.23,1.366e+0,,1.366e+0
251.28,2.532e-1,,2.532e-1
251.33,4.334e-2,,4.334e-2
251.38,6.848e-3,,6.848e-3
251.43,9.990e-4,,9.990e-4
251.48,1.346e-4,,1.346e-4
251.53,1.673e-5,,1.673e-5
251.58,1.921e-6,,1.921e-6
251.63,2.036e-7,,2.036e-7
251.68,1.992e-8,,1.992e-8
251.73,1.800e-9,,1.800e-9
254.28,4.365e-8,,4.365e-8
254.33,4.224e-7,,4.224e-7
254.38,3.786e-6,,3.786e-6
254.43,3.144e-5,,3.144e-5
254.48,2.419e-4,,2.419e-4
254.53,1.724e-3,,1.724e-3
254.58,1.138e-2,,1.138e-2
254.63,6.962e-2,,6.962e-2
254.68,3.945e-1,,3.945e-1
254.73,2.071e+0,,2.071e+0
254.78,1.007e+1,,1.007e+1
254.83,4.539e+1,,4.539e+1
254.88,1.895e+2,,1.895e+2
254.93,7.328e+2,,7.328e+2
254.98,2.626e+3,,2.626e+3
255.03,8.715e+3,,8.715e+3
255.08,2.680e+4,,2.680e+4
255.13,7.635e+4,,7.635e+4
255.18,2.015e+5,,2.015e+5
255.23,4.927e+5,,4.927e+5
255.28,1.116e+6,,1.116e+6
255.33,2.342e+6,,2.342e+6
255.38,4.553e+6,,4.553e+6
255.43,8.201e+6,,8.201e+6
255.48,1.368e+7,,1.368e+7
255.53,2.115e+7,,2.115e+7
255.58,3.029e+7,,3.029e+7
255.63,4.019e+7,,4.019e+7
255.68,4.940e+7,,4.940e+7
255.73,5.626e+7,,5.626e+7
255.78,5.935e+7,,5.935e+7
255.83,5.800e+7,,5.800e+7
255.88,5.252e+7,,5.252e+7
255.93,4.405e+7,,4.405e+7
255.98,3.423e+7,,3.423e+7
256.03,2.465e+7,,2.465e+7
256.08,1.644e+7,,1.644e+7
256.13,1.016e+7,,1.016e+7
256.18,5.814e+6,,5.814e+6
256.23,3.084e+6,,3.084e+6
256.28,1.515e+6,,1.515e+6
256.33,6.898e+5,,6.898e+5
256.38,2.915e+5,,2.915e+5
256.43,1.156e+5,,1.156e+5
256.48,4.599e+4,,4.599e+4
256.53,2.509e+4,,2.509e+4
256.58,2.855e+4,,2.855e+4
256.63,4.955e+4,,4.955e+4
256.68,8.951e+4,,8.951e+4
256.73,1.527e+5,,1.527e+5
256.78,2.421e+5,,2.421e+5
256.83,3.561e+5,,3.561e+5
256.88,4.857e+5,,4.857e+5
256.93,6.141e+5,,6.141e+5
256.98,7.198e+5,,7.198e+5
257.03,7.823e+5,,7.823e+5
257.08,7.882e+5,,7.882e+5
257.13,7.363e+5,,7.363e+5
257.18,6.377e+5,,6.377e+5
257.23,5.121e+5,,5.121e+5
257.28,3.812e+5,,3.812e+5
257.33,2.631e+5,,2.631e+5
257.38,1.684e+5,,1.684e+5
257.43,9.990e+4,,9.990e+4
257.48,5.495e+4,,5.495e+4
257.53,2.802e+4,,2.802e+4
257.58,1.325e+4,,1.325e+4
257.63,5.808e+3,,5.808e+3
257.68,2.360e+3,,2.360e+3
257.73,8.894e+2,,8.894e+2
257.78,3.107e+2,,3.107e+2
257.83,1.006e+2,,1.006e+2
257.88,3.022e+1,,3.022e+1
257.93,8.412e+0,,8.412e+0
257.98,2.171e+0,,2.171e+0
258.03,5.196e-1,,5.196e-1
258.08,1.153e-1,,1.153e-1
258.13,2.371e-2,,2.371e-2
258.18,4.522e-3,,4.522e-3
258.23,7.995e-4,,7.995e-4
258.28,1.311e-4,,1.311e-4
258.33,1.992e-5,,1.992e-5
258.38,2.807e-6,,2.807e-6
258.43,3.667e-7,,3.667e-7
258.48,4.441e-8,,4.441e-8
258.53,4.987e-9,,4.987e-9
258.58,5.192e-10,,5.192e-10
258.63,5.011e-11,,5.011e-11
326.26,1.317e-7,1.317e-7,
326.31,8.010e-7,8.010e-7,
326.36,4.651e-6,4.651e-6,
326.41,2.578e-5,2.578e-5,
326.46,1.364e-4,1.364e-4,
326.51,6.891e-4,6.891e-4,
326.56,3.323e-3,3.323e-3,
326.61,1.530e-2,1.530e-2,
326.66,6.723e-2,6.723e-2,
326.71,2.821e-1,2.821e-1,
326.76,1.130e+0,1.130e+0,
326.81,4.320e+0,4.320e+0,
326.86,1.577e+1,1.577e+1,
326.91,5.496e+1,5.496e+1,
326.96,1.828e+2,1.828e+2,
327.01,5.807e+2,5.807e+2,
327.06,1.761e+3,1.761e+3,
327.11,5.096e+3,5.096e+3,
327.16,1.408e+4,1.408e+4,
327.21,3.714e+4,3.714e+4,
327.26,9.353e+4,9.353e+4,
327.31,2.248e+5,2.248e+5,
327.36,5.160e+5,5.160e+5,
327.41,1.131e+6,1.131e+6,
327.46,2.365e+6,2.365e+6,
327.51,4.721e+6,4.721e+6,
327.56,9.000e+6,9.000e+6,
327.61,1.638e+7,1.638e+7,
327.66,2.845e+7,2.845e+7,
327.71,4.718e+7,4.718e+7,
327.76,7.470e+7,7.470e+7,
327.81,1.129e+8,1.129e+8,
327.86,1.629e+8,1.629e+8,
327.91,2.244e+8,2.244e+8,
327.96,2.951e+8,2.951e+8,
328.01,3.704e+8,3.704e+8,
328.06,4.439e+8,4.439e+8,
328.11,5.079e+8,5.079e+8,
328.16,5.547e+8,5.547e+8,
328.21,5.783e+8,5.783e+8,
328.26,5.757e+8,5.757e+8,
328.31,5.470e+8,5.470e+8,
328.36,4.962e+8,4.962e+8,
328.41,4.297e+8,4.297e+8,
328.46,3.553e+8,3.553e+8,
328.51,2.804e+8,2.804e+8,
328.56,2.113e+8,2.113e+8,
328.61,1.519e+8,1.519e+8,
328.66,1.043e+8,1.043e+8,
328.71,6.840e+7,6.840e+7,
328.76,4.280e+7,4.280e+7,
328.81,2.557e+7,2.557e+7,
328.86,1.458e+7,1.458e+7,
328.91,7.940e+6,7.940e+6,
328.96,4.127e+6,4.127e+6,
329.01,2.049e+6,2.049e+6,
329.06,9.728e+5,9.728e+5,
329.11,4.468e+5,4.468e+5,
329.16,2.123e+5,2.123e+5,
329.21,1.396e+5,1.396e+5,
329.26,1.890e+5,1.890e+5,
329.31,4.003e+5,4.003e+5,
329.36,9.162e+5,9.162e+5,
329.41,2.045e+6,2.045e+6,
329.46,4.376e+6,4.376e+6,
329.51,8.948e+6,8.948e+6,
329.56,1.748e+7,1.748e+7,
329.61,3.263e+7,3.263e+7,
329.66,5.817e+7,5.817e+7,
329.71,9.908e+7,9.908e+7,
329.76,1.612e+8,1.612e+8,
329.81,2.506e+8,2.506e+8,
329.86,3.721e+8,3.721e+8,
329.91,5.278e+8,5.278e+8,
329.96,7.153e+8,7.153e+8,
330.01,9.261e+8,9.261e+8,
330.06,1.145e+9,1.145e+9,
330.11,1.353e+9,1.353e+9,
330.16,1.528e+9,1.528e+9,
330.21,1.647e+9,1.647e+9,
330.26,1.697e+9,1.697e+9,
330.31,1.670e+9,1.670e+9,
330.36,1.570e+9,1.570e+9,
330.41,1.410e+9,1.410e+9,
330.46,1.210e+9,1.210e+9,
330.51,9.919e+8,9.919e+8,
330.56,7.768e+8,7.768e+8,
330.61,5.812e+8,5.812e+8,
330.66,4.154e+8,4.154e+8,
330.71,2.837e+8,2.837e+8,
330.76,1.850e+8,1.850e+8,
330.81,1.153e+8,1.153e+8,
330.86,6.866e+7,6.866e+7,
330.91,3.906e+7,3.906e+7,
330.96,2.122e+7,2.122e+7,
331.01,1.102e+7,1.102e+7,
331.06,5.465e+6,5.465e+6,
331.11,2.589e+6,2.589e+6,
331.16,1.172e+6,1.172e+6,
331.21,5.070e+5,5.070e+5,
331.26,2.095e+5,2.095e+5,
331.31,8.269e+4,8.269e+4,
331.36,3.118e+4,3.118e+4,
331.41,1.123e+4,1.123e+4,
331.46,3.867e+3,3.867e+3,
331.51,1.272e+3,1.272e+3,
331.56,3.995e+2,3.995e+2,
331.61,1.199e+2,1.199e+2,
331.66,3.439e+1,3.439e+1,
331.71,9.421e+0,9.421e+0,
331.76,2.466e+0,2.466e+0,
331.81,6.166e-1,6.166e-1,
331.86,1.473e-1,1.473e-1,
331.91,3.362e-2,3.362e-2,
331.96,7.331e-3,7.331e-3,
332.01,1.527e-3,1.527e-3,
332.06,3.040e-4,3.040e-4,
332.11,5.780e-5,5.780e-5,
332.16,1.050e-5,1.050e-5,
332.21,1.823e-6,1.823e-6,
332.26,3.022e-7,3.022e-7,
332.51,1.048e-6,1.048e-6,
332.56,6.192e-6,6.192e-6,
332.61,3.432e-5,3.432e-5,
332.66,1.820e-4,1.820e-4,
332.71,9.225e-4,9.225e-4,
332.76,4.473e-3,4.473e-3,
332.81,2.074e-2,2.074e-2,
332.86,9.199e-2,9.199e-2,
332.91,3.901e-1,3.901e-1,
332.96,1.582e+0,1.582e+0,
333.01,6.139e+0,6.139e+0,
333.06,2.278e+1,2.278e+1,
333.11,8.082e+1,8.082e+1,
333.16,2.743e+2,2.743e+2,
333.21,8.901e+2,8.901e+2,
333.26,2.763e+3,2.763e+3,
333.31,8.203e+3,8.203e+3,
333.36,2.329e+4,2.329e+4,
333.41,6.325e+4,6.325e+4,
333.46,1.643e+5,1.643e+5,
333.51,4.081e+5,4.081e+5,
333.56,9.695e+5,9.695e+5,
333.61,2.203e+6,2.203e+6,
333.66,4.788e+6,4.788e+6,
333.71,9.954e+6,9.954e+6,
333.76,1.979e+7,1.979e+7,
333.81,3.764e+7,3.764e+7,
333.86,6.846e+7,6.846e+7,
333.91,1.191e+8,1.191e+8,
333.96,1.982e+8,1.982e+8,
334.01,3.155e+8,3.155e+8,
334.06,4.804e+8,4.804e+8,
334.11,6.997e+8,6.997e+8,
334.16,9.747e+8,9.747e+8,
334.21,1.299e+9,1.299e+9,
334.26,1.656e+9,1.656e+9,
334.31,2.019e+9,2.019e+9,
334.36,2.355e+9,2.355e+9,
334.41,2.627e+9,2.627e+9,
334.46,2.804e+9,2.804e+9,
334.51,2.863e+9,2.863e+9,
334.56,2.796e+9,2.796e+9,
334.61,2.613e+9,2.613e+9,
334.66,2.336e+9,2.336e+9,
334.71,1.997e+9,1.997e+9,
334.76,1.634e+9,1.634e+9,
334.81,1.279e+9,1.279e+9,
334.86,9.578e+8,9.578e+8,
334.91,6.862e+8,6.862e+8,
334.96,4.703e+8,4.703e+8,
335.01,3.085e+8,3.085e+8,
335.06,1.935e+8,1.935e+8,
335.11,1.162e+8,1.162e+8,
335.16,6.674e+7,6.674e+7,
335.21,3.668e+7,3.668e+7,
335.26,1.929e+7,1.929e+7,
335.31,9.706e+6,9.706e+6,
335.36,4.673e+6,4.673e+6,
335.41,2.153e+6,2.153e+6,
335.46,9.492e+5,9.492e+5,
335.51,4.004e+5,4.004e+5,
335.56,1.616e+5,1.616e+5,
335.61,6.244e+4,6.244e+4,
335.66,2.308e+4,2.308e+4,
335.71,8.165e+3,8.165e+3,
335.76,2.764e+3,2.764e+3,
335.81,8.953e+2,8.953e+2,
335.86,2.775e+2,2.775e+2,
335.91,8.234e+1,8.234e+1,
335.96,2.338e+1,2.338e+1,
336.01,6.351e+0,6.351e+0,
336.06,1.651e+0,1.651e+0,
336.11,4.109e-1,4.109e-1,
336.16,9.785e-2,9.785e-2,
336.21,2.230e-2,2.230e-2,
336.26,4.864e-3,4.864e-3,
336.31,1.015e-3,1.015e-3,
336.36,2.028e-4,2.028e-4,
336.41,3.876e-5,3.876e-5,
336.46,7.090e-6,7.090e-6,
336.51,1.241e-6,1.241e-6,
336.56,1.248e-7,1.248e-7,
488.21,7.599e-11,,7.599e-11
488.26,2.555e-10,,2.555e-10
488.31,8.412e-10,,8.412e-10
488.36,2.713e-9,,2.713e-9
488.41,8.571e-9,,8.571e-9
488.46,2.652e-8,,2.652e-8
488.51,8.039e-8,,8.039e-8
488.56,2.386e-7,,2.386e-7
488.61,6.939e-7,,6.939e-7
488.66,1.976e-6,,1.976e-6
488.71,5.514e-6,,5.514e-6
488.76,1.507e-5,,1.507e-5
488.81,4.033e-5,,4.033e-5
488.86,1.057e-4,,1.057e-4
488.91,2.715e-4,,2.715e-4
488.96,6.827e-4,,6.827e-4
489.01,1.682e-3,,1.682e-3
489.06,4.059e-3,,4.059e-3
489.11,9.592e-3,,9.592e-3
489.16,2.221e-2,,2.221e-2
489.21,5.035e-2,,5.035e-2
489.26,1.118e-1,,1.118e-1
489.31,2.433e-1,,2.433e-1
489.36,5.184e-1,,5.184e-1
489.41,1.082e+0,,1.082e+0
489.46,2.212e+0,,2.212e+0
489.51,4.429e+0,,4.429e+0
489.56,8.687e+0,,8.687e+0
489.61,1.669e+1,,1.669e+1
489.66,3.140e+1,,3.140e+1
489.71,5.787e+1,,5.787e+1
489.76,1.045e+2,,1.045e+2
489.81,1.847e+2,,1.847e+2
489.86,3.200e+2,,3.200e+2
489.91,5.428e+2,,5.428e+2
489.96,9.019e+2,,9.019e+2
490.01,1.468e+3,,1.468e+3
490.06,2.340e+3,,2.340e+3
490.11,3.654e+3,,3.654e+3
490.16,5.588e+3,,5.588e+3
490.21,8.372e+3,,8.372e+3
490.26,1.228e+4,,1.228e+4
490.31,1.765e+4,,1.765e+4
490.36,2.485e+4,,2.485e+4
490.41,3.427e+4,,3.427e+4
490.46,4.628e+4,,4.628e+4
490.51,6.123e+4,,6.123e+4
490.56,7.933e+4,,7.933e+4
490.61,1.007e+5,,1.007e+5
490.66,1.252e+5,,1.252e+5
490.71,1.524e+5,,1.524e+5
490.76,1.818e+5,,1.818e+5
490.81,2.124e+5,,2.124e+5
490.86,2.430e+5,,2.430e+5
490.91,2.724e+5,,2.724e+5
490.96,2.990e+5,,2.990e+5
491.01,3.216e+5,,3.216e+5
491.06,3.389e+5,,3.389e+5
491.11,3.499e+5,,3.499e+5
491.16,3.540e+5,,3.540e+5
491.21,3.512e+5,,3.512e+5
491.26,3.418e+5,,3.418e+5
491.31,3.266e+5,,3.266e+5
491.36,3.070e+5,,3.070e+5
491.41,2.846e+5,,2.846e+5
491.46,2.612e+5,,2.612e+5
491.51,2.390e+5,,2.390e+5
491.56,2.199e+5,,2.199e+5
491.61,2.057e+5,,2.057e+5
491.66,1.983e+5,,1.983e+5
491.71,1.989e+5,,1.989e+5
491.76,2.085e+5,,2.085e+5
491.81,2.277e+5,,2.277e+5
491.86,2.564e+5,,2.564e+5
491.91,2.941e+5,,2.941e+5
491.96,3.397e+5,,3.397e+5
492.01,3.912e+5,,3.912e+5
492.06,4.466e+5,,4.466e+5
492.11,5.029e+5,,5.029e+5
492.16,5.572e+5,,5.572e+5
492.21,6.064e+5,,6.064e+5
492.26,6.476e+5,,6.476e+5
492.31,6.780e+5,,6.780e+5
492.36,6.959e+5,,6.959e+5
492.41,6.998e+5,,6.998e+5
492.46,6.896e+5,,6.896e+5
492.51,6.657e+5,,6.657e+5
492.56,6.296e+5,,6.296e+5
492.61,5.833e+5,,5.833e+5
492.66,5.294e+5,,5.294e+5
492.71,4.707e+5,,4.707e+5
492.76,4.099e+5,,4.099e+5
492.81,3.497e+5,,3.497e+5
492.86,2.923e+5,,2.923e+5
492.91,2.393e+5,,2.393e+5
492.96,1.919e+5,,1.919e+5
493.01,1.508e+5,,1.508e+5
493.06,1.160e+5,,1.160e+5
493.11,8.747e+4,,8.747e+4
493.16,6.460e+4,,6.460e+4
493.21,4.673e+4,,4.673e+4
493.26,3.312e+4,,3.312e+4
493.31,2.299e+4,,2.299e+4
493.36,1.563e+4,,1.563e+4
493.41,1.041e+4,,1.041e+4
493.46,6.796e+3,,6.796e+3
493.51,4.344e+3,,4.344e+3
493.56,2.720e+3,,2.720e+3
493.61,1.668e+3,,1.668e+3
493.66,1.003e+3,,1.003e+3
493.71,5.901e+2,,5.901e+2
493.76,3.403e+2,,3.403e+2
493.81,1.922e+2,,1.922e+2
493.86,1.063e+2,,1.063e+2
493.91,5.764e+1,,5.764e+1
493.96,3.060e+1,,3.060e+1
494.01,1.592e+1,,1.592e+1
494.06,8.109e+0,,8.109e+0
494.11,4.047e+0,,4.047e+0
494.16,1.979e+0,,1.979e+0
494.21,9.476e-1,,9.476e-1
494.26,4.446e-1,,4.446e-1
494.31,2.043e-1,,2.043e-1
494.36,9.198e-2,,9.198e-2
494.41,4.057e-2,,4.057e-2
494.46,1.752e-2,,1.752e-2
494.51,7.416e-3,,7.416e-3
494.56,3.074e-3,,3.074e-3
494.61,1.248e-3,,1.248e-3
494.66,4.966e-4,,4.966e-4
494.71,1.935e-4,,1.935e-4
494.76,7.388e-5,,7.388e-5
494.81,2.762e-5,,2.762e-5
494.86,1.012e-5,,1.012e-5
494.91,3.631e-6,,3.631e-6
494.96,1.276e-6,,1.276e-6
495.01,4.395e-7,,4.395e-7
495.06,1.482e-7,,1.482e-7
495.11,4.898e-8,,4.898e-8
495.16,1.585e-8,,1.585e-8
495.21,5.026e-9,,5.026e-9
495.26,1.561e-9,,1.561e-9
495.31,4.750e-10,,4.750e-10
495.36,1.416e-10,,1.416e-10
598.49,9.568e-12,,9.568e-12
598.54,2.586e-11,,2.586e-11
598.59,6.895e-11,,6.895e-11
598.64,1.813e-10,,1.813e-10
598.69,4.702e-10,,4.702e-10
598.74,1.203e-9,,1.203e-9
598.79,3.034e-9,,3.034e-9
598.84,7.550e-9,,7.550e-9
598.89,1.853e-8,,1.853e-8
598.94,4.485e-8,,4.485e-8
598.99,1.071e-7,,1.071e-7
599.04,2.522e-7,,2.522e-7
599.09,5.856e-7,,5.856e-7
599.14,1.341e-6,,1.341e-6
599.19,3.031e-6,,3.031e-6
599.24,6.754e-6,,6.754e-6
599.29,1.484e-5,,1.484e-5
599.34,3.218e-5,,3.218e-5
599.39,6.880e-5,,6.880e-5
599.44,1.451e-4,,1.451e-4
599.49,3.018e-4,,3.018e-4
599.54,6.190e-4,,6.190e-4
599.59,1.252e-3,,1.252e-3
599.64,2.499e-3,,2.499e-3
599.69,4.920e-3,,4.920e-3
599.74,9.550e-3,,9.550e-3
599.79,1.829e-2,,1.829e-2
599.84,3.453e-2,,3.453e-2
599.89,6.432e-2,,6.432e-2
599.94,1.182e-1,,1.182e-1
599.99,2.141e-1,,2.141e-1
600.04,3.826e-1,,3.826e-1
600.09,6.745e-1,,6.745e-1
600.14,1.173e+0,,1.173e+0
600.19,2.011e+0,,2.011e+0
600.24,3.400e+0,,3.400e+0
600.29,5.672e+0,,5.672e+0
600.34,9.332e+0,,9.332e+0
600.39,1.514e+1,,1.514e+1
600.44,2.423e+1,,2.423e+1
600.49,3.825e+1,,3.825e+1
600.54,5.956e+1,,5.956e+1
600.59,9.146e+1,,9.146e+1
600.64,1.385e+2,,1.385e+2
600.69,2.069e+2,,2.069e+2
600.74,3.049e+2,,3.049e+2
600.79,4.430e+2,,4.430e+2
600.84,6.349e+2,,6.349e+2
600.89,8.976e+2,,8.976e+2
600.94,1.251e+3,,1.251e+3
600.99,1.721e+3,,1.721e+3
601.04,2.334e+3,,2.334e+3
601.09,3.123e+3,,3.123e+3
601.14,4.120e+3,,4.120e+3
601.19,5.362e+3,,5.362e+3
601.24,6.882e+3,,6.882e+3
601.29,8.712e+3,,8.712e+3
601.34,1.088e+4,,1.088e+4
601.39,1.340e+4,,1.340e+4
601.44,1.627e+4,,1.627e+4
601.49,1.949e+4,,1.949e+4
601.54,2.304e+4,,2.304e+4
601.59,2.685e+4,,2.685e+4
601.64,3.086e+4,,3.086e+4
601.69,3.498e+4,,3.498e+4
601.74,3.912e+4,,3.912e+4
601.79,4.314e+4,,4.314e+4
601.84,4.693e+4,,4.693e+4
601.89,5.035e+4,,5.035e+4
601.94,5.328e+4,,5.328e+4
601.99,5.561e+4,,5.561e+4
602.05,5.748e+4,,5.748e+4
602.1,5.819e+4,,5.819e+4
602.15,5.811e+4,,5.811e+4
602.2,5.724e+4,,5.724e+4
602.25,5.561e+4,,5.561e+4
602.3,5.328e+4,,5.328e+4
602.35,5.035e+4,,5.035e+4
602.4,4.693e+4,,4.693e+4
602.45,4.314e+4,,4.314e+4
602.5,3.912e+4,,3.912e+4
602.55,3.498e+4,,3.498e+4
602.6,3.086e+4,,3.086e+4
602.65,2.685e+4,,2.685e+4
602.7,2.304e+4,,2.304e+4
602.75,1.949e+4,,1.949e+4
602.8,1.627e+4,,1.627e+4
602.85,1.340e+4,,1.340e+4
602.9,1.088e+4,,1.088e+4
602.95,8.712e+3,,8.712e+3
603,6.882e+3,,6.882e+3
603.05,5.362e+3,,5.362e+3
603.1,4.120e+3,,4.120e+3
603.15,3.123e+3,,3.123e+3
603.2,2.334e+3,,2.334e+3
603.25,1.721e+3,,1.721e+3
603.3,1.251e+3,,1.251e+3
603.35,8.976e+2,,8.976e+2
603.4,6.349e+2,,6.349e+2
603.45,4.430e+2,,4.430e+2
603.5,3.049e+2,,3.049e+2
603.55,2.069e+2,,2.069e+2
603.6,1.385e+2,,1.385e+2
603.65,9.146e+1,,9.146e+1
603.7,5.956e+1,,5.956e+1
603.75,3.825e+1,,3.825e+1
603.8,2.423e+1,,2.423e+1
603.85,1.514e+1,,1.514e+1
603.9,9.332e+0,,9.332e+0
603.95,5.672e+0,,5.672e+0
604,3.400e+0,,3.400e+0
604.05,2.011e+0,,2.011e+0
604.1,1.173e+0,,1.173e+0
604.15,6.745e-1,,6.745e-1
604.2,3.826e-1,,3.826e-1
604.25,2.141e-1,,2.141e-1
604.3,1.182e-1,,1.182e-1
604.35,6.432e-2,,6.432e-2
604.4,3.453e-2,,3.453e-2
604.45,1.829e-2,,1.829e-2
604.5,9.550e-3,,9.550e-3
604.55,4.920e-3,,4.920e-3
604.6,2.499e-3,,2.499e-3
604.65,1.252e-3,,1.252e-3
604.7,6.190e-4,,6.190e-4
604.75,3.018e-4,,3.018e-4
604.8,1.451e-4,,1.451e-4
604.85,6.880e-5,,6.880e-5
604.9,3.218e-5,,3.218e-5
604.95,1.484e-5,,1.484e-5
605,6.754e-6,,6.754e-6
605.05,3.031e-6,,3.031e-6
605.1,1.341e-6,,1.341e-6
605.15,5.856e-7,,5.856e-7
605.2,2.522e-7,,2.522e-7
605.25,1.071e-7,,1.071e-7
605.3,4.485e-8,,4.485e-8
605.35,1.853e-8,,1.853e-8
605.4,7.550e-9,,7.550e-9
605.45,3.034e-9,,3.034e-9
605.5,1.203e-9,,1.203e-9
605.55,4.702e-10,,4.702e-10
605.6,1.813e-10,,1.813e-10
605.65,6.895e-11,,6.895e-11
605.7,2.586e-11,,2.586e-11
605.75,9.568e-12,,9.568e-12
606.6,2.041e-11,,2.041e-11
606.65,5.401e-11,,5.401e-11
606.7,1.411e-10,,1.411e-10
606.75,3.635e-10,,3.635e-10
606.8,9.242e-10,,9.242e-10
606.85,2.318e-9,,2.318e-9
606.9,5.738e-9,,5.738e-9
606.95,1.401e-8,,1.401e-8
607,3.376e-8,,3.376e-8
607.05,8.027e-8,,8.027e-8
607.1,1.883e-7,,1.883e-7
607.15,4.358e-7,,4.358e-7
607.2,9.951e-7,,9.951e-7
607.25,2.242e-6,,2.242e-6
607.3,4.984e-6,,4.984e-6
607.35,1.093e-5,,1.093e-5
607.4,2.366e-5,,2.366e-5
607.45,5.051e-5,,5.051e-5
607.5,1.064e-4,,1.064e-4
607.55,2.212e-4,,2.212e-4
607.6,4.537e-4,,4.537e-4
607.65,9.181e-4,,9.181e-4
607.7,1.833e-3,,1.833e-3
607.75,3.611e-3,,3.611e-3
607.8,7.019e-3,,7.019e-3
607.85,1.346e-2,,1.346e-2
607.9,2.547e-2,,2.547e-2
607.95,4.755e-2,,4.755e-2
608,8.760e-2,,8.760e-2
608.05,1.592e-1,,1.592e-1
608.1,2.855e-1,,2.855e-1
608.15,5.052e-1,,5.052e-1
608.2,8.819e-1,,8.819e-1
608.25,1.519e+0,,1.519e+0
608.3,2.582e+0,,2.582e+0
608.35,4.329e+0,,4.329e+0
608.4,7.162e+0,,7.162e+0
608.45,1.169e+1,,1.169e+1
608.5,1.883e+1,,1.883e+1
608.55,2.992e+1,,2.992e+1
608.6,4.692e+1,,4.692e+1
608.65,7.259e+1,,7.259e+1
608.7,1.108e+2,,1.108e+2
608.75,1.669e+2,,1.669e+2
608.8,2.480e+2,,2.480e+2
608.85,3.636e+2,,3.636e+2
608.9,5.259e+2,,5.259e+2
608.95,7.507e+2,,7.507e+2
609,1.057e+3,,1.057e+3
609.05,1.469e+3,,1.469e+3
609.1,2.014e+3,,2.014e+3
609.15,2.724e+3,,2.724e+3
609.2,3.636e+3,,3.636e+3
609.25,4.788e+3,,4.788e+3
609.3,6.221e+3,,6.221e+3
609.35,7.974e+3,,7.974e+3
609.4,1.009e+4,,1.009e+4
609.45,1.259e+4,,1.259e+4
609.5,1.550e+4,,1.550e+4
609.55,1.883e+4,,1.883e+4
609.6,2.257e+4,,2.257e+4
609.65,2.670e+4,,2.670e+4
609.7,3.116e+4,,3.116e+4
609.75,3.587e+4,,3.587e+4
609.8,4.075e+4,,4.075e+4
609.85,4.568e+4,,4.568e+4
609.9,5.052e+4,,5.052e+4
609.95,5.513e+4,,5.513e+4
610,5.935e+4,,5.935e+4
610.05,6.305e+4,,6.305e+4
610.1,6.608e+4,,6.608e+4
610.15,6.834e+4,,6.834e+4
610.2,6.973e+4,,6.973e+4
610.25,7.020e+4,,7.020e+4
610.3,6.973e+4,,6.973e+4
610.35,6.834e+4,,6.834e+4
610.4,6.608e+4,,6.608e+4
610.45,6.305e+4,,6.305e+4
610.5,5.935e+4,,5.935e+4
610.55,5.513e+4,,5.513e+4
610.6,5.052e+4,,5.052e+4
610.65,4.568e+4,,4.568e+4
610.7,4.075e+4,,4.075e+4
610.75,3.587e+4,,3.587e+4
610.8,3.116e+4,,3.116e+4
610.85,2.670e+4,,2.670e+4
610.9,2.257e+4,,2.257e+4
610.95,1.883e+4,,1.883e+4
611,1.550e+4,,1.550e+4
611.05,1.259e+4,,1.259e+4
611.1,1.009e+4,,1.009e+4
611.15,7.974e+3,,7.974e+3
611.2,6.221e+3,,6.221e+3
611.25,4.788e+3,,4.788e+3
611.3,3.636e+3,,3.636e+3
611.35,2.724e+3,,2.724e+3
611.4,2.014e+3,,2.014e+3
611.45,1.469e+3,,1.469e+3
611.5,1.057e+3,,1.057e+3
611.55,7.507e+2,,7.507e+2
611.6,5.259e+2,,5.259e+2
611.65,3.636e+2,,3.636e+2
611.7,2.480e+2,,2.480e+2
611.75,1.669e+2,,1.669e+2
611.8,1.108e+2,,1.108e+2
611.85,7.259e+1,,7.259e+1
611.9,4.692e+1,,4.692e+1
611.95,2.992e+1,,2.992e+1
612,1.883e+1,,1.883e+1
612.05,1.169e+1,,1.169e+1
612.1,7.162e+0,,7.162e+0
612.15,4.329e+0,,4.329e+0
612.2,2.582e+0,,2.582e+0
612.25,1.519e+0,,1.519e+0
612.3,8.819e-1,,8.819e-1
612.35,5.052e-1,,5.052e-1
612.4,2.855e-1,,2.855e-1
612.45,1.592e-1,,1.592e-1
612.5,8.760e-2,,8.760e-2
612.55,4.755e-2,,4.755e-2
612.6,2.547e-2,,2.547e-2
612.65,1.346e-2,,1.346e-2
612.7,7.019e-3,,7.019e-3
612.75,3.611e-3,,3.611e-3
612.8,1.833e-3,,1.833e-3
612.85,9.181e-4,,9.181e-4
612.9,4.537e-4,,4.537e-4
612.95,2.212e-4,,2.212e-4
613,1.064e-4,,1.064e-4
613.05,5.051e-5,,5.051e-5
613.1,2.366e-5,,2.366e-5
613.15,1.093e-5,,1.093e-5
613.2,4.984e-6,,4.984e-6
613.25,2.242e-6,,2.242e-6
613.3,9.951e-7,,9.951e-7
613.35,4.358e-7,,4.358e-7
613.4,1.883e-7,,1.883e-7
613.45,8.027e-8,,8.027e-8
613.5,3.376e-8,,3.376e-8
613.55,1.401e-8,,1.401e-8
613.6,5.738e-9,,5.738e-9
613.65,2.318e-9,,2.318e-9
613.7,9.242e-10,,9.242e-10
613.75,3.635e-10,,3.635e-10
613.8,1.411e-10,,1.411e-10
613.85,5.401e-11,,5.401e-11
613.9,2.041e-11,,2.041e-11
632.4,2.571e-8,2.571e-8,
632.45,6.582e-8,6.582e-8,
632.5,1.664e-7,1.664e-7,
632.55,4.156e-7,4.156e-7,
632.6,1.025e-6,1.025e-6,
632.65,2.498e-6,2.498e-6,
632.7,6.012e-6,6.012e-6,
632.75,1.429e-5,1.429e-5,
632.8,3.356e-5,3.356e-5,
632.85,7.782e-5,7.782e-5,
632.9,1.782e-4,1.782e-4,
632.96,4.741e-4,4.741e-4,
633.01,1.057e-3,1.057e-3,
633.06,2.327e-3,2.327e-3,
633.11,5.061e-3,5.061e-3,
633.16,1.087e-2,1.087e-2,
633.21,2.307e-2,2.307e-2,
633.26,4.834e-2,4.834e-2,
633.31,1.001e-1,1.001e-1,
633.36,2.046e-1,2.046e-1,
633.41,4.131e-1,4.131e-1,
633.46,8.241e-1,8.241e-1,
633.51,1.624e+0,1.624e+0,
633.56,3.160e+0,3.160e+0,
633.61,6.073e+0,6.073e+0,
633.66,1.153e+1,1.153e+1,
633.71,2.162e+1,2.162e+1,
633.76,4.004e+1,4.004e+1,
633.81,7.326e+1,7.326e+1,
633.86,1.324e+2,1.324e+2,
633.91,2.363e+2,2.363e+2,
633.96,4.165e+2,4.165e+2,
634.01,7.252e+2,7.252e+2,
634.06,1.247e+3,1.247e+3,
634.11,2.119e+3,2.119e+3,
634.16,3.555e+3,3.555e+3,
634.21,5.892e+3,5.892e+3,
634.26,9.645e+3,9.645e+3,
634.31,1.560e+4,1.560e+4,
634.36,2.491e+4,2.491e+4,
634.41,3.929e+4,3.929e+4,
634.46,6.121e+4,6.121e+4,
634.51,9.420e+4,9.420e+4,
634.56,1.432e+5,1.432e+5,
634.61,2.150e+5,2.150e+5,
634.66,3.188e+5,3.188e+5,
634.71,4.670e+5,4.670e+5,
634.76,6.756e+5,6.756e+5,
634.81,9.654e+5,9.654e+5,
634.86,1.363e+6,1.363e+6,
634.91,1.900e+6,1.900e+6,
634.96,2.616e+6,2.616e+6,
635.01,3.558e+6,3.558e+6,
635.06,4.780e+6,4.780e+6,
635.11,6.342e+6,6.342e+6,
635.16,8.312e+6,8.312e+6,
635.21,1.076e+7,1.076e+7,
635.26,1.376e+7,1.376e+7,
635.31,1.738e+7,1.738e+7,
635.36,2.168e+7,2.168e+7,
635.41,2.671e+7,2.671e+7,
635.46,3.250e+7,3.250e+7,
635.51,3.907e+7,3.907e+7,
635.56,4.639e+7,4.639e+7,
635.61,5.440e+7,5.440e+7,
635.66,6.302e+7,6.302e+7,
635.71,7.210e+7,7.210e+7,
635.76,8.148e+7,8.148e+7,
635.81,9.095e+7,9.095e+7,
635.86,1.003e+8,1.003e+8,
635.91,1.092e+8,1.092e+8,
635.96,1.174e+8,1.174e+8,
636.01,1.248e+8,1.248e+8,
636.06,1.309e+8,1.309e+8,
636.11,1.357e+8,1.357e+8,
636.16,1.389e+8,1.389e+8,
636.21,1.405e+8,1.405e+8,
636.26,1.403e+8,1.403e+8,
636.31,1.384e+8,1.384e+8,
636.36,1.349e+8,1.349e+8,
636.41,1.298e+8,1.298e+8,
636.46,1.234e+8,1.234e+8,
636.51,1.159e+8,1.159e+8,
636.56,1.075e+8,1.075e+8,
636.61,9.843e+7,9.843e+7,
636.66,8.906e+7,8.906e+7,
636.71,7.959e+7,7.959e+7,
636.76,7.026e+7,7.026e+7,
636.81,6.125e+7,6.125e+7,
636.86,5.275e+7,5.275e+7,
636.91,4.487e+7,4.487e+7,
636.96,3.770e+7,3.770e+7,
637.01,3.128e+7,3.128e+7,
637.06,2.564e+7,2.564e+7,
637.11,2.076e+7,2.076e+7,
637.16,1.660e+7,1.660e+7,
637.21,1.311e+7,1.311e+7,
637.26,1.023e+7,1.023e+7,
637.31,7.882e+6,7.882e+6,
637.36,5.999e+6,5.999e+6,
637.41,4.510e+6,4.510e+6,
637.46,3.349e+6,3.349e+6,
637.51,2.456e+6,2.456e+6,
637.56,1.779e+6,1.779e+6,
637.61,1.273e+6,1.273e+6,
637.66,8.998e+5,8.998e+5,
637.71,6.281e+5,6.281e+5,
637.76,4.331e+5,4.331e+5,
637.81,2.949e+5,2.949e+5,
637.86,1.984e+5,1.984e+5,
637.91,1.318e+5,1.318e+5,
637.96,8.650e+4,8.650e+4,
638.01,5.607e+4,5.607e+4,
638.06,3.590e+4,3.590e+4,
638.11,2.270e+4,2.270e+4,
638.16,1.418e+4,1.418e+4,
638.21,8.749e+3,8.749e+3,
638.26,5.331e+3,5.331e+3,
638.31,3.209e+3,3.209e+3,
638.36,1.908e+3,1.908e+3,
638.41,1.120e+3,1.120e+3,
638.46,6.497e+2,6.497e+2,
638.51,3.722e+2,3.722e+2,
638.56,2.106e+2,2.106e+2,
638.61,1.177e+2,1.177e+2,
638.66,6.499e+1,6.499e+1,
638.71,3.543e+1,3.543e+1,
638.76,1.908e+1,1.908e+1,
638.81,1.015e+1,1.015e+1,
638.86,5.334e+0,5.334e+0,
638.91,2.768e+0,2.768e+0,
638.96,1.419e+0,1.419e+0,
639.01,7.185e-1,7.185e-1,
639.06,3.593e-1,3.593e-1,
639.11,1.775e-1,1.775e-1,
639.16,8.660e-2,8.660e-2,
639.21,4.173e-2,4.173e-2,
639.26,1.986e-2,1.986e-2,
639.31,9.339e-3,9.339e-3,
639.36,4.337e-3,4.337e-3,
639.41,1.989e-3,1.989e-3,
639.46,9.012e-4,9.012e-4,
639.51,4.033e-4,4.033e-4,
639.56,1.782e-4,1.782e-4,
639.61,7.782e-5,7.782e-5,
639.66,3.356e-5,3.356e-5,
639.71,1.429e-5,1.429e-5,
639.76,6.012e-6,6.012e-6,
639.81,2.498e-6,2.498e-6,
639.86,1.025e-6,1.025e-6,
639.91,4.156e-7,4.156e-7,
639.96,1.664e-7,1.664e-7,
640.01,6.582e-8,6.582e-8,
640.06,2.571e-8,2.571e-8,
754.29,5.807e-11,,5.807e-11
754.34,1.276e-10,,1.276e-10
754.39,2.781e-10,,2.781e-10
754.44,6.007e-10,,6.007e-10
754.49,1.286e-9,,1.286e-9
754.54,2.731e-9,,2.731e-9
754.59,5.747e-9,,5.747e-9
754.64,1.199e-8,,1.199e-8
754.69,2.480e-8,,2.480e-8
754.74,5.085e-8,,5.085e-8
754.79,1.034e-7,,1.034e-7
754.84,2.083e-7,,2.083e-7
754.89,4.162e-7,,4.162e-7
754.94,8.242e-7,,8.242e-7
754.99,1.618e-6,,1.618e-6
755.04,3.150e-6,,3.150e-6
755.09,6.077e-6,,6.077e-6
755.14,1.163e-5,,1.163e-5
755.19,2.204e-5,,2.204e-5
755.24,4.144e-5,,4.144e-5
755.29,7.724e-5,,7.724e-5
755.34,1.427e-4,,1.427e-4
755.39,2.614e-4,,2.614e-4
755.44,4.746e-4,,4.746e-4
755.49,8.543e-4,,8.543e-4
755.54,1.524e-3,,1.524e-3
755.59,2.697e-3,,2.697e-3
755.64,4.730e-3,,4.730e-3
755.69,8.223e-3,,8.223e-3
755.74,1.417e-2,,1.417e-2
755.79,2.422e-2,,2.422e-2
755.84,4.102e-2,,4.102e-2
755.89,6.889e-2,,6.889e-2
755.94,1.147e-1,,1.147e-1
755.99,1.893e-1,,1.893e-1
756.04,3.097e-1,,3.097e-1
756.09,5.023e-1,,5.023e-1
756.14,8.076e-1,,8.076e-1
756.19,1.287e+0,,1.287e+0
756.24,2.034e+0,,2.034e+0
756.29,3.187e+0,,3.187e+0
756.34,4.949e+0,,4.949e+0
756.39,7.620e+0,,7.620e+0
756.45,1.264e+1,,1.264e+1
756.5,1.910e+1,,1.910e+1
756.55,2.860e+1,,2.860e+1
756.6,4.245e+1,,4.245e+1
756.65,6.248e+1,,6.248e+1
756.7,9.115e+1,,9.115e+1
756.75,1.318e+2,,1.318e+2
756.8,1.890e+2,,1.890e+2
756.85,2.687e+2,,2.687e+2
756.9,3.786e+2,,3.786e+2
756.95,5.289e+2,,5.289e+2
757,7.324e+2,,7.324e+2
757.05,1.006e+3,,1.006e+3
757.1,1.369e+3,,1.369e+3
757.15,1.847e+3,,1.847e+3
757.2,2.470e+3,,2.470e+3
757.25,3.275e+3,,3.275e+3
757.3,4.306e+3,,4.306e+3
757.35,5.611e+3,,5.611e+3
757.4,7.249e+3,,7.249e+3
757.45,9.284e+3,,9.284e+3
757.5,1.179e+4,,1.179e+4
757.55,1.484e+4,,1.484e+4
757.6,1.852e+4,,1.852e+4
757.65,2.290e+4,,2.290e+4
757.7,2.809e+4,,2.809e+4
757.75,3.415e+4,,3.415e+4
757.8,4.116e+4,,4.116e+4
757.85,4.918e+4,,4.918e+4
757.9,5.825e+4,,5.825e+4
757.95,6.840e+4,,6.840e+4
758,7.962e+4,,7.962e+4
758.05,9.189e+4,,9.189e+4
758.1,1.051e+5,,1.051e+5
758.15,1.192e+5,,1.192e+5
758.2,1.341e+5,,1.341e+5
758.25,1.494e+5,,1.494e+5
758.3,1.651e+5,,1.651e+5
758.35,1.809e+5,,1.809e+5
758.4,1.964e+5,,1.964e+5
758.45,2.115e+5,,2.115e+5
758.5,2.257e+5,,2.257e+5
758.55,2.388e+5,,2.388e+5
758.6,2.505e+5,,2.505e+5
758.65,2.605e+5,,2.605e+5
758.7,2.685e+5,,2.685e+5
758.75,2.744e+5,,2.744e+5
758.8,2.780e+5,,2.780e+5
758.85,2.792e+5,,2.792e+5
758.9,2.780e+5,,2.780e+5
758.95,2.744e+5,,2.744e+5
759,2.685e+5,,2.685e+5
759.05,2.605e+5,,2.605e+5
759.1,2.505e+5,,2.505e+5
759.15,2.388e+5,,2.388e+5
759.2,2.257e+5,,2.257e+5
759.25,2.115e+5,,2.115e+5
759.3,1.965e+5,,1.965e+5
759.35,1.809e+5,,1.809e+5
759.4,1.652e+5,,1.652e+5
759.45,1.495e+5,,1.495e+5
759.5,1.341e+5,,1.341e+5
759.55,1.193e+5,,1.193e+5
759.6,1.052e+5,,1.052e+5
759.65,9.202e+4,,9.202e+4
759.7,7.980e+4,,7.980e+4
759.75,6.863e+4,,6.863e+4
759.8,5.854e+4,,5.854e+4
759.85,4.956e+4,,4.956e+4
759.9,4.164e+4,,4.164e+4
759.95,3.476e+4,,3.476e+4
760,2.885e+4,,2.885e+4
760.05,2.385e+4,,2.385e+4
760.1,1.968e+4,,1.968e+4
760.15,1.626e+4,,1.626e+4
760.2,1.351e+4,,1.351e+4
760.25,1.135e+4,,1.135e+4
760.3,9.710e+3,,9.710e+3
760.35,8.513e+3,,8.513e+3
760.4,7.697e+3,,7.697e+3
760.45,7.206e+3,,7.206e+3
760.5,6.987e+3,,6.987e+3
760.55,6.992e+3,,6.992e+3
760.6,7.179e+3,,7.179e+3
760.65,7.512e+3,,7.512e+3
760.7,7.954e+3,,7.954e+3
760.75,8.477e+3,,8.477e+3
760.8,9.050e+3,,9.050e+3
760.85,9.648e+3,,9.648e+3
760.9,1.025e+4,,1.025e+4
760.95,1.083e+4,,1.083e+4
761,1.136e+4,,1.136e+4
761.05,1.184e+4,,1.184e+4
761.1,1.225e+4,,1.225e+4
761.15,1.256e+4,,1.256e+4
761.2,1.278e+4,,1.278e+4
761.25,1.290e+4,,1.290e+4
761.3,1.290e+4,,1.290e+4
761.35,1.280e+4,,1.280e+4
761.4,1.259e+4,,1.259e+4
761.45,1.228e+4,,1.228e+4
761.5,1.187e+4,,1.187e+4
761.55,1.138e+4,,1.138e+4
761.6,1.082e+4,,1.082e+4
761.65,1.019e+4,,1.019e+4
761.7,9.518e+3,,9.518e+3
761.75,8.815e+3,,8.815e+3
761.8,8.093e+3,,8.093e+3
761.85,7.367e+3,,7.367e+3
761.9,6.648e+3,,6.648e+3
761.95,5.948e+3,,5.948e+3
762,5.276e+3,,5.276e+3
762.05,4.639e+3,,4.639e+3
762.1,4.045e+3,,4.045e+3
762.15,3.496e+3,,3.496e+3
762.2,2.996e+3,,2.996e+3
762.25,2.545e+3,,2.545e+3
762.3,2.143e+3,,2.143e+3
762.35,1.790e+3,,1.790e+3
762.4,1.482e+3,,1.482e+3
762.45,1.216e+3,,1.216e+3
762.5,9.894e+2,,9.894e+2
762.55,7.982e+2,,7.982e+2
762.6,6.383e+2,,6.383e+2
762.65,5.061e+2,,5.061e+2
762.7,3.979e+2,,3.979e+2
762.75,3.101e+2,,3.101e+2
762.8,2.396e+2,,2.396e+2
762.85,1.835e+2,,1.835e+2
762.9,1.393e+2,,1.393e+2
762.95,1.049e+2,,1.049e+2
763,7.831e+1,,7.831e+1
763.05,5.795e+1,,5.795e+1
763.1,4.251e+1,,4.251e+1
763.15,3.092e+1,,3.092e+1
763.2,2.230e+1,,2.230e+1
763.25,1.594e+1,,1.594e+1
763.3,1.130e+1,,1.130e+1
763.35,7.939e+0,,7.939e+0
763.4,5.531e+0,,5.531e+0
763.45,3.820e+0,,3.820e+0
763.5,2.616e+0,,2.616e+0
763.55,1.776e+0,,1.776e+0
763.6,1.195e+0,,1.195e+0
763.65,7.973e-1,,7.973e-1
763.7,5.274e-1,,5.274e-1
763.75,3.459e-1,,3.459e-1
763.8,2.249e-1,,2.249e-1
763.85,1.450e-1,,1.450e-1
763.9,9.264e-2,,9.264e-2
763.95,5.869e-2,,5.869e-2
764,3.687e-2,,3.687e-2
764.05,2.296e-2,,2.296e-2
764.1,1.417e-2,,1.417e-2
764.15,8.675e-3,,8.675e-3
764.2,5.264e-3,,5.264e-3
764.25,3.167e-3,,3.167e-3
764.3,1.889e-3,,1.889e-3
764.35,1.117e-3,,1.117e-3
764.4,6.548e-4,,6.548e-4
764.45,3.806e-4,,3.806e-4
764.5,2.193e-4,,2.193e-4
764.55,1.253e-4,,1.253e-4
764.6,7.094e-5,,7.094e-5
764.65,3.983e-5,,3.983e-5
764.7,2.217e-5,,2.217e-5
764.75,1.224e-5,,1.224e-5
764.8,6.695e-6,,6.695e-6
764.85,3.632e-6,,3.632e-6
764.9,1.953e-6,,1.953e-6
764.95,1.041e-6,,1.041e-6
765,5.504e-7,,5.504e-7
765.05,2.884e-7,,2.884e-7
765.1,1.499e-7,,1.499e-7
765.15,7.718e-8,,7.718e-8
765.2,3.941e-8,,3.941e-8
765.25,1.995e-8,,1.995e-8
765.3,1.002e-8,,1.002e-8
765.35,4.983e-9,,4.983e-9
765.4,2.458e-9,,2.458e-9
765.45,1.202e-9,,1.202e-9
765.5,5.830e-10,,5.830e-10
765.55,2.803e-10,,2.803e-10
765.6,1.336e-10,,1.336e-10
765.65,6.311e-11,,6.311e-11
765.7,2.957e-11,,2.957e-11
765.75,1.373e-11,,1.373e-11
765.8,6.322e-12,,6.322e-12
765.85,2.886e-12,,2.886e-12
768.6,2.221e-11,,2.221e-11
768.65,4.821e-11,,4.821e-11
768.7,1.038e-10,,1.038e-10
768.75,2.216e-10,,2.216e-10
768.8,4.691e-10,,4.691e-10
768.85,9.849e-10,,9.849e-10
768.9,2.051e-9,,2.051e-9
768.95,4.234e-9,,4.234e-9
769,8.670e-9,,8.670e-9
769.05,1.760e-8,,1.760e-8
769.1,3.545e-8,,3.545e-8
769.15,7.078e-8,,7.078e-8
769.2,1.402e-7,,1.402e-7
769.25,2.752e-7,,2.752e-7
769.3,5.359e-7,,5.359e-7
769.35,1.035e-6,,1.035e-6
769.4,1.982e-6,,1.982e-6
769.45,3.764e-6,,3.764e-6
769.5,7.089e-6,,7.089e-6
769.55,1.324e-5,,1.324e-5
769.6,2.452e-5,,2.452e-5
769.65,4.503e-5,,4.503e-5
769.7,8.202e-5,,8.202e-5
769.75,1.481e-4,,1.481e-4
769.8,2.653e-4,,2.653e-4
769.85,4.713e-4,,4.713e-4
769.9,8.302e-4,,8.302e-4
769.95,1.450e-3,,1.450e-3
770,2.512e-3,,2.512e-3
770.05,4.315e-3,,4.315e-3
770.1,7.350e-3,,7.350e-3
770.15,1.242e-2,,1.242e-2
770.2,2.080e-2,,2.080e-2
770.25,3.455e-2,,3.455e-2
770.3,5.693e-2,,5.693e-2
770.35,9.300e-2,,9.300e-2
770.4,1.507e-1,,1.507e-1
770.45,2.421e-1,,2.421e-1
770.5,3.857e-1,,3.857e-1
770.55,6.094e-1,,6.094e-1
770.6,9.548e-1,,9.548e-1
770.65,1.484e+0,,1.484e+0
770.7,2.286e+0,,2.286e+0
770.75,3.493e+0,,3.493e+0
770.8,5.293e+0,,5.293e+0
770.85,7.953e+0,,7.953e+0
770.9,1.185e+1,,1.185e+1
770.95,1.751e+1,,1.751e+1
771,2.566e+1,,2.566e+1
771.05,3.730e+1,,3.730e+1
771.1,5.375e+1,,5.375e+1
771.15,7.681e+1,,7.681e+1
771.2,1.089e+2,,1.089e+2
771.25,1.530e+2,,1.530e+2
771.3,2.132e+2,,2.132e+2
771.35,2.947e+2,,2.947e+2
771.4,4.039e+2,,4.039e+2
771.45,5.490e+2,,5.490e+2
771.5,7.400e+2,,7.400e+2
771.55,9.891e+2,,9.891e+2
771.6,1.311e+3,,1.311e+3
771.65,1.723e+3,,1.723e+3
771.7,2.247e+3,,2.247e+3
771.75,2.904e+3,,2.904e+3
771.8,3.723e+3,,3.723e+3
771.85,4.733e+3,,4.733e+3
771.9,5.966e+3,,5.966e+3
771.95,7.459e+3,,7.459e+3
772,9.247e+3,,9.247e+3
772.05,1.137e+4,,1.137e+4
772.1,1.386e+4,,1.386e+4
772.15,1.676e+4,,1.676e+4
772.2,2.009e+4,,2.009e+4
772.25,2.389e+4,,2.389e+4
772.3,2.817e+4,,2.817e+4
772.35,3.293e+4,,3.293e+4
772.4,3.819e+4,,3.819e+4
772.45,4.391e+4,,4.391e+4
772.5,5.007e+4,,5.007e+4
772.55,5.662e+4,,5.662e+4
772.6,6.349e+4,,6.349e+4
772.65,7.061e+4,,7.061e+4
772.7,7.787e+4,,7.787e+4
772.75,8.515e+4,,8.515e+4
772.8,9.235e+4,,9.235e+4
772.85,9.932e+4,,9.932e+4
772.9,1.059e+5,,1.059e+5
772.95,1.120e+5,,1.120e+5
773,1.175e+5,,1.175e+5
773.05,1.222e+5,,1.222e+5
773.1,1.260e+5,,1.260e+5
773.15,1.289e+5,,1.289e+5
773.2,1.308e+5,,1.308e+5
773.25,1.315e+5,,1.315e+5
773.3,1.312e+5,,1.312e+5
773.35,1.298e+5,,1.298e+5
773.4,1.273e+5,,1.273e+5
773.45,1.239e+5,,1.239e+5
773.5,1.195e+5,,1.195e+5
773.55,1.143e+5,,1.143e+5
773.6,1.084e+5,,1.084e+5
773.65,1.020e+5,,1.020e+5
773.7,9.519e+4,,9.519e+4
773.75,8.807e+4,,8.807e+4
773.8,8.082e+4,,8.082e+4
773.85,7.355e+4,,7.355e+4
773.9,6.638e+4,,6.638e+4
773.95,5.942e+4,,5.942e+4
774,5.277e+4,,5.277e+4
774.05,4.649e+4,,4.649e+4
774.1,4.064e+4,,4.064e+4
774.15,3.526e+4,,3.526e+4
774.2,3.038e+4,,3.038e+4
774.25,2.602e+4,,2.602e+4
774.3,2.217e+4,,2.217e+4
774.35,1.882e+4,,1.882e+4
774.4,1.597e+4,,1.597e+4
774.45,1.357e+4,,1.357e+4
774.5,1.161e+4,,1.161e+4
774.55,1.006e+4,,1.006e+4
774.6,8.879e+3,,8.879e+3
774.65,8.048e+3,,8.048e+3
774.7,7.532e+3,,7.532e+3
774.75,7.305e+3,,7.305e+3
774.8,7.339e+3,,7.339e+3
774.85,7.608e+3,,7.608e+3
774.9,8.088e+3,,8.088e+3
774.95,8.756e+3,,8.756e+3
775,9.588e+3,,9.588e+3
775.05,1.056e+4,,1.056e+4
775.1,1.165e+4,,1.165e+4
775.15,1.284e+4,,1.284e+4
775.2,1.409e+4,,1.409e+4
775.25,1.539e+4,,1.539e+4
775.3,1.670e+4,,1.670e+4
775.35,1.799e+4,,1.799e+4
775.4,1.925e+4,,1.925e+4
775.45,2.043e+4,,2.043e+4
775.5,2.151e+4,,2.151e+4
775.55,2.246e+4,,2.246e+4
775.6,2.327e+4,,2.327e+4
775.65,2.392e+4,,2.392e+4
775.7,2.437e+4,,2.437e+4
775.75,2.464e+4,,2.464e+4
775.8,2.470e+4,,2.470e+4
775.85,2.455e+4,,2.455e+4
775.9,2.421e+4,,2.421e+4
775.95,2.367e+4,,2.367e+4
776,2.295e+4,,2.295e+4
776.05,2.208e+4,,2.208e+4
776.1,2.105e+4,,2.105e+4
776.15,1.991e+4,,1.991e+4
776.2,1.868e+4,,1.868e+4
776.25,1.738e+4,,1.738e+4
776.3,1.603e+4,,1.603e+4
776.35,1.467e+4,,1.467e+4
776.4,1.331e+4,,1.331e+4
776.45,1.198e+4,,1.198e+4
776.5,1.069e+4,,1.069e+4
776.55,9.460e+3,,9.460e+3
776.6,8.303e+3,,8.303e+3
776.65,7.227e+3,,7.227e+3
776.7,6.239e+3,,6.239e+3
776.75,5.341e+3,,5.341e+3
776.8,4.535e+3,,4.535e+3
776.85,3.818e+3,,3.818e+3
776.9,3.189e+3,,3.189e+3
776.95,2.641e+3,,2.641e+3
777,2.169e+3,,2.169e+3
777.05,1.766e+3,,1.766e+3
777.1,1.427e+3,,1.427e+3
777.15,1.143e+3,,1.143e+3
777.2,9.080e+2,,9.080e+2
777.25,7.153e+2,,7.153e+2
777.3,5.589e+2,,5.589e+2
777.35,4.331e+2,,4.331e+2
777.4,3.328e+2,,3.328e+2
777.45,2.537e+2,,2.537e+2
777.5,1.917e+2,,1.917e+2
777.55,1.437e+2,,1.437e+2
777.6,1.068e+2,,1.068e+2
777.65,7.875e+1,,7.875e+1
777.7,5.757e+1,,5.757e+1
777.75,4.174e+1,,4.174e+1
777.8,3.002e+1,,3.002e+1
777.85,2.140e+1,,2.140e+1
777.9,1.514e+1,,1.514e+1
777.95,1.062e+1,,1.062e+1
778,7.384e+0,,7.384e+0
778.05,5.094e+0,,5.094e+0
778.1,3.485e+0,,3.485e+0
778.15,2.364e+0,,2.364e+0
778.2,1.591e+0,,1.591e+0
778.25,1.061e+0,,1.061e+0
778.3,7.023e-1,,7.023e-1
778.35,4.609e-1,,4.609e-1
778.4,3.000e-1,,3.000e-1
778.45,1.936e-1,,1.936e-1
778.5,1.239e-1,,1.239e-1
778.55,7.867e-2,,7.867e-2
778.6,4.953e-2,,4.953e-2
778.65,3.092e-2,,3.092e-2
778.7,1.915e-2,,1.915e-2
778.75,1.176e-2,,1.176e-2
778.8,7.160e-3,,7.160e-3
778.85,4.324e-3,,4.324e-3
778.9,2.590e-3,,2.590e-3
778.95,1.538e-3,,1.538e-3
779,9.062e-4,,9.062e-4
779.05,5.294e-4,,5.294e-4
779.1,3.067e-4,,3.067e-4
779.15,1.762e-4,,1.762e-4
779.2,1.004e-4,,1.004e-4
779.25,5.675e-5,,5.675e-5
779.3,3.181e-5,,3.181e-5
779.35,1.768e-5,,1.768e-5
779.4,9.744e-6,,9.744e-6
779.45,5.326e-6,,5.326e-6
779.5,2.887e-6,,2.887e-6
779.55,1.552e-6,,1.552e-6
779.6,8.277e-7,,8.277e-7
779.65,4.377e-7,,4.377e-7
779.7,2.295e-7,,2.295e-7
779.75,1.194e-7,,1.194e-7
779.8,6.156e-8,,6.156e-8
779.85,3.149e-8,,3.149e-8
779.9,1.597e-8,,1.597e-8
779.95,8.035e-9,,8.035e-9
780,4.008e-9,,4.008e-9
780.05,1.983e-9,,1.983e-9
780.1,9.731e-10,,9.731e-10
780.15,4.736e-10,,4.736e-10
780.2,2.285e-10,,2.285e-10
780.25,1.094e-10,,1.094e-10
780.3,5.191e-11,,5.191e-11
780.35,2.444e-11,,2.444e-11
780.4,1.141e-11,,1.141e-11
780.45,5.281e-12,,5.281e-12
